Province_State,Country_Region,Last_Update,Lat,Long_,Confirmed,Deaths,Recovered,Active,Admin2,FIPS,Combined_Key,Incident_Rate,People_Tested,People_Hospitalized,UID,ISO3
California,US,2020-07-18 00:06:05,37.64629437,-121.8929271,8627,154,0,8473,Alameda,6001,"Alameda, California, US",516.1760491201911,,,84006001,USA
California,US,2020-07-18 00:06:05,38.59678594,-119.82235940000001,2,0,0,2,Alpine,6003,"Alpine, California, US",177.14791851195747,,,84006003,USA
California,US,2020-07-18 00:06:05,38.44583082,-120.65696000000001,49,0,0,49,Amador,6005,"Amador, California, US",123.26423827731938,,,84006005,USA
Maine,US,2020-07-18 00:06:05,44.1664747,-70.20380627,509,4,0,505,Androscoggin,23001,"Androscoggin, Maine, US",470.0906009586524,,,84023001,USA
Arizona,US,2020-07-18 00:06:05,35.39465006,-109.4892383,2691,106,0,2585,Apache,4001,"Apache, Arizona, US",3743.3750191272416,,,84004001,USA
Georgia,US,2020-07-18 00:06:05,31.74847232,-82.28909114,402,15,0,387,Appling,13001,"Appling, Georgia, US",2186.44620907212,,,84013001,USA
Maine,US,2020-07-18 00:06:05,46.65926321,-68.59841248,26,1,0,25,Aroostook,23003,"Aroostook, Maine, US",38.77414063082544,,,84023003,USA
Georgia,US,2020-07-18 00:06:05,31.29633502,-82.87545866,223,2,0,221,Atkinson,13003,"Atkinson, Georgia, US",2731.1696264543784,,,84013003,USA
Georgia,US,2020-07-18 00:06:05,31.55456473,-82.45936528,327,5,0,322,Bacon,13005,"Bacon, Georgia, US",2929.0576854174133,,,84013005,USA
Georgia,US,2020-07-18 00:06:05,31.32669878,-84.44218806,45,3,0,42,Baker,13007,"Baker, Georgia, US",1481.2376563528637,,,84013007,USA
Georgia,US,2020-07-18 00:06:05,33.06882326,-83.24701748,721,35,0,686,Baldwin,13009,"Baldwin, Georgia, US",1606.1483626642905,,,84013009,USA
Georgia,US,2020-07-18 00:06:05,34.35607081,-83.49644388,177,3,0,174,Banks,13011,"Banks, Georgia, US",920.2453987730062,,,84013011,USA
Georgia,US,2020-07-18 00:06:05,33.99148694,-83.71436292,725,29,0,696,Barrow,13013,"Barrow, Georgia, US",870.9754925516579,,,84013013,USA
Georgia,US,2020-07-18 00:06:05,34.23732119,-84.83887523,1110,46,0,1064,Bartow,13015,"Bartow, Georgia, US",1030.277153836158,,,84013015,USA
Georgia,US,2020-07-18 00:06:05,31.76095874,-83.22145359,259,1,0,258,Ben Hill,13017,"Ben Hill, Georgia, US",1550.8982035928143,,,84013017,USA
Georgia,US,2020-07-18 00:06:05,31.27590016,-83.22529920000002,194,0,0,194,Berrien,13019,"Berrien, Georgia, US",1000.1546630922307,,,84013019,USA
California,US,2020-07-18 00:06:05,39.66727762,-121.6005252,487,4,0,483,Butte,6007,"Butte, California, US",222.1857235407371,,,84006007,USA
California,US,2020-07-18 00:06:05,38.20537103,-120.55291299999999,75,0,0,75,Calaveras,6009,"Calaveras, California, US",163.3808953273064,,,84006009,USA
Arizona,US,2020-07-18 00:06:05,31.87934684,-109.7516088,1186,28,0,1158,Cochise,4003,"Cochise, Arizona, US",941.8528930607837,,,84004003,USA
Arizona,US,2020-07-18 00:06:05,35.83883429,-111.77071780000001,2619,105,0,2514,Coconino,4005,"Coconino, Arizona, US",1825.3924001226685,,,84004005,USA
California,US,2020-07-18 00:06:05,39.17881957,-122.2331726,147,0,0,147,Colusa,6011,"Colusa, California, US",682.2295447162018,,,84006011,USA
California,US,2020-07-18 00:06:05,37.91923498,-121.9289527,5378,96,0,5282,Contra Costa,6013,"Contra Costa, California, US",466.22269459032566,,,84006013,USA
Maine,US,2020-07-18 00:06:05,43.8370751,-70.37226999,1934,67,0,1867,Cumberland,23005,"Cumberland, Maine, US",655.5865533570845,,,84023005,USA
California,US,2020-07-18 00:06:05,41.74228275,-123.8974063,62,0,0,62,Del Norte,6015,"Del Norte, California, US",222.9253559614555,,,84006015,USA
California,US,2020-07-18 00:06:05,38.77965956,-120.5233166,381,0,0,381,El Dorado,6017,"El Dorado, California, US",197.57004402545076,,,84006017,USA
Maine,US,2020-07-18 00:06:05,44.97330019,-70.44381045,42,1,0,41,Franklin,23007,"Franklin, Maine, US",139.07745289579125,,,84023007,USA
California,US,2020-07-18 00:06:05,36.75733899,-119.6466953,9124,91,0,9033,Fresno,6019,"Fresno, California, US",913.2209856661138,,,84006019,USA
Arizona,US,2020-07-18 00:06:05,33.80190085,-110.8132779,512,16,0,496,Gila,4007,"Gila, Arizona, US",947.8322040801214,,,84004007,USA
California,US,2020-07-18 00:06:05,39.59875897,-122.3938452,200,1,0,199,Glenn,6021,"Glenn, California, US",704.3989715775015,,,84006021,USA
Arizona,US,2020-07-18 00:06:05,32.93166885,-109.8882178,240,3,0,237,Graham,4009,"Graham, Arizona, US",617.9674022195329,,,84004009,USA
Arizona,US,2020-07-18 00:06:05,33.21498827,-109.2405279,38,1,0,37,Greenlee,4011,"Greenlee, Arizona, US",400.08422825858077,,,84004011,USA
Maine,US,2020-07-18 00:06:05,44.59816444,-68.38401854,19,1,0,18,Hancock,23009,"Hancock, Maine, US",34.55362176514449,,,84023009,USA
California,US,2020-07-18 00:06:05,40.69923009,-123.876044,178,4,0,174,Humboldt,6023,"Humboldt, California, US",131.3091075406837,,,84006023,USA
California,US,2020-07-18 00:06:05,33.0393082,-115.36690420000001,8397,156,0,8241,Imperial,6025,"Imperial, California, US",4633.722373975665,,,84006025,USA
California,US,2020-07-18 00:06:05,36.51112084,-117.41119779999998,37,1,0,36,Inyo,6027,"Inyo, California, US",205.11114806807473,,,84006027,USA
Maine,US,2020-07-18 00:06:05,44.40759555,-69.76738544,148,10,0,138,Kennebec,23011,"Kennebec, Maine, US",121.01192130954523,,,84023011,USA
California,US,2020-07-18 00:06:05,35.34329425,-118.72777959999999,7233,105,0,7128,Kern,6029,"Kern, California, US",803.48632862402,,,84006029,USA
California,US,2020-07-18 00:06:05,36.07409056,-119.8159973,3172,41,0,3131,Kings,6031,"Kings, California, US",2074.0159539688766,,,84006031,USA
Maine,US,2020-07-18 00:06:05,44.11486325,-69.10529169,25,1,0,24,Knox,23013,"Knox, Maine, US",62.85829226591572,,,84023013,USA
Arizona,US,2020-07-18 00:06:05,33.72854224,-113.98100290000001,428,7,0,421,La Paz,4012,"La Paz, Arizona, US",2027.667235171499,,,84004012,USA
California,US,2020-07-18 00:06:05,39.10124298,-122.75362439999999,140,1,0,139,Lake,6033,"Lake, California, US",217.43857360295718,,,84006033,USA
California,US,2020-07-18 00:06:05,40.67311306,-120.59350990000002,488,0,0,488,Lassen,6035,"Lassen, California, US",1596.1796356262062,,,84006035,USA
Maine,US,2020-07-18 00:06:05,44.05996956,-69.54227124,29,0,0,29,Lincoln,23015,"Lincoln, Maine, US",83.73274816654155,,,84023015,USA
California,US,2020-07-18 00:06:05,34.30828379,-118.22824109999999,147795,3990,0,143805,Los Angeles,6037,"Los Angeles, California, US",1472.1926960236603,,,84006037,USA
California,US,2020-07-18 00:06:05,37.21513971,-119.76655890000002,1136,11,0,1125,Madera,6039,"Madera, California, US",722.0629643989906,,,84006039,USA
Arizona,US,2020-07-18 00:06:05,33.34835867,-112.49181540000001,91863,1374,0,90489,Maricopa,4013,"Maricopa, Arizona, US",2048.038375053005,,,84004013,USA
California,US,2020-07-18 00:06:05,38.07122463,-122.72106310000001,4078,41,0,4037,Marin,6041,"Marin, California, US",1575.5758695030638,,,84006041,USA
California,US,2020-07-18 00:06:05,37.57978556,-119.9073334,35,1,0,34,Mariposa,6043,"Mariposa, California, US",203.45288612451316,,,84006043,USA
California,US,2020-07-18 00:06:05,39.4381191,-123.39113130000001,177,1,0,176,Mendocino,6045,"Mendocino, California, US",204.03693414333307,,,84006045,USA
California,US,2020-07-18 00:06:05,37.18922369,-120.72090349999999,2313,15,0,2298,Merced,6047,"Merced, California, US",832.9732065687122,,,84006047,USA
Arizona,US,2020-07-18 00:06:05,35.70471703,-113.7577902,2195,106,0,2089,Mohave,4015,"Mohave, Arizona, US",1034.4941347245983,,,84004015,USA
California,US,2020-07-18 00:06:05,37.93899289,-118.8872409,63,1,0,62,Mono,6051,"Mono, California, US",436.16726668512877,,,84006051,USA
California,US,2020-07-18 00:06:05,36.21862405,-121.24133970000001,3059,18,0,3041,Monterey,6053,"Monterey, California, US",704.73965640774,,,84006053,USA
California,US,2020-07-18 00:06:05,38.50735751,-122.33283899999999,578,4,0,574,Napa,6055,"Napa, California, US",419.6190033685678,,,84006055,USA
Arizona,US,2020-07-18 00:06:05,35.3997715,-110.3218983,4669,149,0,4520,Navajo,4017,"Navajo, Arizona, US",4209.188273051819,,,84004017,USA
California,US,2020-07-18 00:06:05,39.30394768,-120.76272809999999,197,1,0,196,Nevada,6057,"Nevada, California, US",197.48383539672196,,,84006057,USA
California,US,2020-07-18 00:06:05,33.70147516,-117.76459979999998,28309,469,0,27840,Orange,6059,"Orange, California, US",891.4277581075243,,,84006059,USA
Maine,US,2020-07-18 00:06:05,44.49952995,-70.75682123,49,0,0,49,Oxford,23017,"Oxford, Maine, US",84.51918930573522,,,84023017,USA
Maine,US,2020-07-18 00:06:05,45.40194593,-68.65020455,129,5,0,124,Penobscot,23019,"Penobscot, Maine, US",84.78586639324868,,,84023019,USA
Arizona,US,2020-07-18 00:06:05,32.0971334,-111.7890033,13058,367,0,12691,Pima,4019,"Pima, Arizona, US",1246.850170775887,,,84004019,USA
Arizona,US,2020-07-18 00:06:05,32.90525627,-111.3449483,6420,96,0,6324,Pinal,4021,"Pinal, Arizona, US",1387.2412697795323,,,84004021,USA
Maine,US,2020-07-18 00:06:05,45.83839062,-69.2860223,4,0,0,4,Piscataquis,23021,"Piscataquis, Maine, US",23.83080131069407,,,84023021,USA
California,US,2020-07-18 00:06:05,39.06167234,-120.72405690000001,1235,11,0,1224,Placer,6061,"Placer, California, US",310.04521388098783,,,84006061,USA
California,US,2020-07-18 00:06:05,40.00355989,-120.8395236,22,0,0,22,Plumas,6063,"Plumas, California, US",116.97772106130697,,,84006063,USA
California,US,2020-07-18 00:06:05,33.74314981,-115.9933578,28177,585,0,27592,Riverside,6065,"Riverside, California, US",1140.5171164592766,,,84006065,USA
California,US,2020-07-18 00:06:05,38.45106826,-121.34253740000001,6511,95,0,6416,Sacramento,6067,"Sacramento, California, US",419.5075184045957,,,84006067,USA
Maine,US,2020-07-18 00:06:05,43.95415864,-69.85074999,34,0,0,34,Sagadahoc,23023,"Sagadahoc, Maine, US",94.82373940205265,,,84023023,USA
California,US,2020-07-18 00:06:05,36.60308176,-121.069975,418,2,0,416,San Benito,6069,"San Benito, California, US",665.5203158833269,,,84006069,USA
California,US,2020-07-18 00:06:05,34.84060306,-116.1774685,21468,310,0,21158,San Bernardino,6071,"San Bernardino, California, US",984.7322466784552,,,84006071,USA
California,US,2020-07-18 00:06:05,33.03484597,-116.73653259999999,21855,465,0,21390,San Diego,6073,"San Diego, California, US",654.668651691115,,,84006073,USA
California,US,2020-07-18 00:06:05,37.75215114,-122.43856720000001,4975,52,0,4923,San Francisco,6075,"San Francisco, California, US",564.3475291787524,,,84006075,USA
California,US,2020-07-18 00:06:05,37.93433732,-121.2730061,7680,81,0,7599,San Joaquin,6077,"San Joaquin, California, US",1007.678298703139,,,84006077,USA
California,US,2020-07-18 00:06:05,35.38822029,-120.4039028,1213,6,0,1207,San Luis Obispo,6079,"San Luis Obispo, California, US",428.4538573209801,,,84006079,USA
California,US,2020-07-18 00:06:05,37.422880799999994,-122.32755459999998,4403,114,0,4289,San Mateo,6081,"San Mateo, California, US",574.3745214089199,,,84006081,USA
California,US,2020-07-18 00:06:05,34.65329488,-120.0188492,4635,32,0,4603,Santa Barbara,6083,"Santa Barbara, California, US",1038.0762330934672,,,84006083,USA
California,US,2020-07-18 00:06:05,37.23104908,-121.6970462,7046,176,0,6870,Santa Clara,6085,"Santa Clara, California, US",365.48448739841024,,,84006085,USA
Arizona,US,2020-07-18 00:06:05,31.52508998,-110.8479088,2270,33,0,2237,Santa Cruz,4023,"Santa Cruz, Arizona, US",4881.930405608843,,,84004023,USA
California,US,2020-07-18 00:06:05,37.05580291,-122.0066524,736,3,0,733,Santa Cruz,6087,"Santa Cruz, California, US",269.3868886180379,,,84006087,USA
California,US,2020-07-18 00:06:05,40.76391419,-122.0396884,220,6,0,214,Shasta,6089,"Shasta, California, US",122.16792536650378,,,84006089,USA
California,US,2020-07-18 00:06:05,39.57713498,-120.52007009999998,1,0,0,1,Sierra,6091,"Sierra, California, US",33.277870216306155,,,84006091,USA
California,US,2020-07-18 00:06:05,41.59198861,-122.5407434,44,0,0,44,Siskiyou,6093,"Siskiyou, California, US",101.05882082730426,,,84006093,USA
California,US,2020-07-18 00:06:05,38.26827353,-121.9357113,2483,31,0,2452,Solano,6095,"Solano, California, US",554.6830845115416,,,84006095,USA
Maine,US,2020-07-18 00:06:05,45.51229767,-69.95995554,32,0,0,32,Somerset,23025,"Somerset, Maine, US",63.38641945963077,,,84023025,USA
California,US,2020-07-18 00:06:05,38.52746429,-122.88625060000001,1979,16,0,1963,Sonoma,6097,"Sonoma, California, US",400.33499482133607,,,84006097,USA
California,US,2020-07-18 00:06:05,37.55862499,-120.9970722,5777,61,0,5716,Stanislaus,6099,"Stanislaus, California, US",1049.1047107107834,,,84006099,USA
California,US,2020-07-18 00:06:05,39.03417539,-121.6945899,471,4,0,467,Sutter,6101,"Sutter, California, US",485.71222324200016,,,84006101,USA
California,US,2020-07-18 00:06:05,40.12570935,-122.23701709999999,126,1,0,125,Tehama,6103,"Tehama, California, US",193.59596828713663,,,84006103,USA
California,US,2020-07-18 00:06:05,40.64917670000001,-123.114713,2,0,0,2,Trinity,6105,"Trinity, California, US",16.28001628001628,,,84006105,USA
California,US,2020-07-18 00:06:05,36.22026558,-118.8020203,6683,165,0,6518,Tulare,6107,"Tulare, California, US",1433.5203080256117,,,84006107,USA
California,US,2020-07-18 00:06:05,38.02644018,-119.95250929999999,84,0,0,84,Tuolumne,6109,"Tuolumne, California, US",154.19068247733028,,,84006109,USA
Arizona,US,2020-07-18 00:06:05,,,0,1,0,-1,Unassigned,90004,"Unassigned, Arizona, US",,,,84090004,USA
California,US,2020-07-18 00:06:05,,,0,0,0,0,Unassigned,90006,"Unassigned, California, US",,,,84090006,USA
Maine,US,2020-07-18 00:06:05,,,3,0,0,3,Unassigned,90023,"Unassigned, Maine, US",,,,84090023,USA
California,US,2020-07-18 00:06:05,34.44465746,-119.09106129999999,4968,56,0,4912,Ventura,6111,"Ventura, California, US",587.229877802285,,,84006111,USA
Maine,US,2020-07-18 00:06:05,44.4858305,-69.12061935,60,14,0,46,Waldo,23027,"Waldo, Maine, US",151.0764194888581,,,84023027,USA
Maine,US,2020-07-18 00:06:05,45.01607142,-67.62813524,5,0,0,5,Washington,23029,"Washington, Maine, US",15.934223525287612,,,84023029,USA
Arizona,US,2020-07-18 00:06:05,34.59933926,-112.5538588,1299,26,0,1273,Yavapai,4025,"Yavapai, Arizona, US",552.5331881462703,,,84004025,USA
California,US,2020-07-18 00:06:05,38.68278902,-121.90182879999999,1062,30,0,1032,Yolo,6113,"Yolo, California, US",481.6326530612245,,,84006113,USA
Maine,US,2020-07-18 00:06:05,43.47808377,-70.71052375,588,11,0,577,York,23031,"York, Maine, US",283.18106732292756,,,84023031,USA
California,US,2020-07-18 00:06:05,39.26255932,-121.35356440000001,236,3,0,233,Yuba,6115,"Yuba, California, US",299.99491534041795,,,84006115,USA
Arizona,US,2020-07-18 00:06:05,32.76895712,-113.90666740000002,9035,165,0,8870,Yuma,4027,"Yuma, Arizona, US",4226.16903740639,,,84004027,USA
Abruzzo,Italy,2020-07-18 00:06:05,42.35122196,13.39843823,3334,468,2747,119,,,"Abruzzo, Italy",254.19722777108527,,,38013,ITA
Acre,Brazil,2020-07-18 00:06:05,-9.0238,-70.812,16965,452,9673,6840,,,"Acre, Brazil",1923.6111504816115,,,7601,BRA
Adygea Republic,Russia,2020-07-18 00:06:05,44.6939006,40.1520421,2326,16,1882,428,,,"Adygea Republic, Russia",513.0399491812535,,,64301,RUS
Aguascalientes,Mexico,2020-07-18 00:06:05,21.8853,-102.2916,3207,201,2605,401,,,"Aguascalientes, Mexico",223.54117946376604,,,48401,MEX
Aichi,Japan,2020-07-18 00:06:05,35.035551,137.211621,592,34,485,73,,,"Aichi, Japan",7.838734976475188,,,39201,JPN
Akita,Japan,2020-07-18 00:06:05,39.748678999999996,140.408228,16,0,16,0,,,"Akita, Japan",1.6554749661144967,,,39202,JPN
Alagoas,Brazil,2020-07-18 00:06:05,-9.5713,-36.782,49253,1365,40051,7837,,,"Alagoas, Brazil",1475.8085514974873,,,7602,BRA
Alberta,Canada,2020-07-18 00:06:05,53.9333,-116.5765,9219,167,8193,859,,,"Alberta, Canada",208.8985952424869,,,12401,CAN
Altai Krai,Russia,2020-07-18 00:06:05,52.6932243,82.69314240000001,6983,55,4460,2468,,,"Altai Krai, Russia",297.1388208061002,,,64302,RUS
Altai Republic,Russia,2020-07-18 00:06:05,50.7114101,86.8572186,1197,1,706,490,,,"Altai Republic, Russia",548.9239348261741,,,64303,RUS
Amapa,Brazil,2020-07-18 00:06:05,0.902,-52.003,33436,499,21548,11389,,,"Amapa, Brazil",3953.5029459721827,,,7603,BRA
Amazonas,Brazil,2020-07-18 00:06:05,-3.4168,-65.8561,88822,3118,72928,12776,,,"Amazonas, Brazil",2143.079290941918,,,7604,BRA
Amazonas,Colombia,2020-07-18 00:06:05,-1.4429,-71.5724,2443,101,2237,105,,,"Amazonas, Colombia",3189.7530977033257,,,17001,COL
Amazonas,Peru,2020-07-18 00:06:05,-5.077253,-78.050172,3653,97,0,3556,,,"Amazonas, Peru",855.904404873477,,,60401,PER
Amur Oblast,Russia,2020-07-18 00:06:05,52.8032368,128.437295,2314,31,1373,910,,,"Amur Oblast, Russia",289.8209472661142,,,64304,RUS
Ancash,Peru,2020-07-18 00:06:05,-9.407125,-77.67179499999997,10125,582,0,9543,,,"Ancash, Peru",857.6147721497543,,,60402,PER
Andalusia,Spain,2020-07-18 00:06:05,37.5443,-4.7278,13731,1435,10671,1625,,,"Andalusia, Spain",162.93271772271535,,,72401,ESP
Andaman and Nicobar Islands,India,2020-07-18 00:06:05,11.225999,92.96817800000001,180,0,133,47,,,"Andaman and Nicobar Islands, India",43.16174143239432,,,35601,IND
Andhra Pradesh,India,2020-07-18 00:06:05,15.9129,79.74,38044,492,19393,18159,,,"Andhra Pradesh, India",70.57811741090212,,,35602,IND
Anguilla,United Kingdom,2020-07-18 00:06:05,18.2206,-63.0686,3,0,3,0,,,"Anguilla, United Kingdom",19.997333688841486,,,660,AIA
Anhui,China,2020-07-18 00:06:05,31.8257,117.2264,991,6,985,0,,,"Anhui, China",1.567046173308033,,,15601,CHN
Antioquia,Colombia,2020-07-18 00:06:05,7.1986,-75.3412,12282,141,3466,8675,,,"Antioquia, Colombia",191.6935300858329,,,17002,COL
Antofagasta,Chile,2020-07-18 00:06:05,-23.6509,-70.3975,12716,271,10844,1601,,,"Antofagasta, Chile",2093.0515822982748,,,15201,CHL
Aomori,Japan,2020-07-18 00:06:05,40.781541,140.828896,34,1,26,7,,,"Aomori, Japan",2.7279196964627705,,,39203,JPN
Apurimac,Peru,2020-07-18 00:06:05,-14.027713,-72.975378,691,25,0,666,,,"Apurimac, Peru",160.43649872300907,,,60403,PER
Aragon,Spain,2020-07-18 00:06:05,41.5976,-0.9057,7639,915,3772,2952,,,"Aragon, Spain",578.455322107004,,,72402,ESP
Arauca,Colombia,2020-07-18 00:06:05,7.0762,-70.7105,161,0,73,88,,,"Arauca, Colombia",61.409598205771736,,,17003,COL
Araucania,Chile,2020-07-18 00:06:05,-38.9489,-72.3311,3687,71,3402,214,,,"Araucania, Chile",385.17630147175583,,,15202,CHL
Arequipa,Peru,2020-07-18 00:06:05,-15.843523999999999,-72.475539,9939,508,0,9431,,,"Arequipa, Peru",663.7505008681715,,,60404,PER
Arica y Parinacota,Chile,2020-07-18 00:06:05,-18.594,-69.4785,2936,34,2141,761,,,"Arica y Parinacota, Chile",1298.7242776509722,,,15203,CHL
Arkhangelsk Oblast,Russia,2020-07-18 00:06:05,63.5589686,43.1221646,7608,129,5192,2287,,,"Arkhangelsk Oblast, Russia",658.6853305720728,,,64305,RUS
Aruba,Netherlands,2020-07-18 00:06:05,12.5211,-69.9683,111,3,100,8,,,"Aruba, Netherlands",103.96568195867599,,,533,ABW
Arunachal Pradesh,India,2020-07-18 00:06:05,27.768456,96.384277,543,3,153,387,,,"Arunachal Pradesh, India",34.57590078817772,,,35603,IND
Assam,India,2020-07-18 00:06:05,26.357149,92.83044100000001,19754,48,12888,6818,,,"Assam, India",55.47779471356773,,,35604,IND
Astrakhan Oblast,Russia,2020-07-18 00:06:05,47.1878186,47.608851,4086,39,2886,1161,,,"Astrakhan Oblast, Russia",401.5669563268908,,,64306,RUS
Asturias,Spain,2020-07-18 00:06:05,43.3614,-5.8593,2442,334,1063,1045,,,"Asturias, Spain",238.89532921478568,,,72403,ESP
Atacama,Chile,2020-07-18 00:06:05,-27.5661,-70.0503,1736,9,1347,380,,,"Atacama, Chile",600.8084611551027,,,15204,CHL
Atlantico,Colombia,2020-07-18 00:06:05,10.6966,-74.8741,38392,2038,18832,17522,,,"Atlantico, Colombia",1514.1685108007557,,,17004,COL
Australian Capital Territory,Australia,2020-07-18 00:06:05,-35.4735,149.0124,113,3,105,5,,,"Australian Capital Territory, Australia",26.395701938799345,,,3601,AUS
Ayacucho,Peru,2020-07-18 00:06:05,-14.091648000000001,-74.08344,2604,43,0,2561,,,"Ayacucho, Peru",389.7036815324753,,,60405,PER
Aysen,Chile,2020-07-18 00:06:05,-45.9864,-73.7669,69,1,46,22,,,"Aysen, Chile",66.88768684929913,,,15205,CHL
Azad Jammu and Kashmir,Pakistan,2020-07-18 00:06:05,34.027401,73.947253,1808,46,1077,685,,,"Azad Jammu and Kashmir, Pakistan",44.69311305824986,,,58601,PAK
Baden-Wurttemberg,Germany,2020-07-18 00:06:05,48.6616,9.3501,36352,1838,34050,464,,,"Baden-Wurttemberg, Germany",328.3968709429747,,,27601,DEU
Bahia,Brazil,2020-07-18 00:06:05,-12.5797,-41.7007,118657,2738,91096,24823,,,"Bahia, Brazil",797.7979520561466,,,7605,BRA
Baja California,Mexico,2020-07-18 00:06:05,30.8406,-115.2838,11376,2352,8519,505,,,"Baja California, Mexico",312.9687240361961,,,48402,MEX
Baja California Sur,Mexico,2020-07-18 00:06:05,26.0444,-111.6661,2709,110,2002,597,,,"Baja California Sur, Mexico",336.6438509372344,,,48403,MEX
Baleares,Spain,2020-07-18 00:06:05,39.710358,2.995148,2290,224,1533,533,,,"Baleares, Spain",192.72525289929473,,,72404,ESP
Balochistan,Pakistan,2020-07-18 00:06:05,28.328492,65.898403,11385,128,8161,3096,,,"Balochistan, Pakistan",92.22799505654706,,,58602,PAK
Bashkortostan Republic,Russia,2020-07-18 00:06:05,54.8573563,57.1439682,6194,20,4572,1602,,,"Bashkortostan Republic, Russia",152.43793642250264,,,64307,RUS
Basilicata,Italy,2020-07-18 00:06:05,40.63947052,15.80514834,405,27,373,5,,,"Basilicata, Italy",71.9527989638797,,,38017,ITA
Bayern,Germany,2020-07-18 00:06:05,48.7904,11.4979,49631,2616,45960,1055,,,"Bayern, Germany",379.5370414341638,,,27602,DEU
Beijing,China,2020-07-18 00:06:05,40.1824,116.4142,929,9,752,168,,,"Beijing, China",4.312906220984216,,,15602,CHN
Belgorod Oblast,Russia,2020-07-18 00:06:05,50.7080119,37.5837615,5360,43,4891,426,,,"Belgorod Oblast, Russia",345.83411834237063,,,64308,RUS
Berlin,Germany,2020-07-18 00:06:05,52.52,13.405,8747,221,8199,327,,,"Berlin, Germany",239.9840211850991,,,27603,DEU
Bermuda,United Kingdom,2020-07-18 00:06:05,32.3078,-64.7505,152,9,137,6,,,"Bermuda, United Kingdom",244.08652224880768,,,60,BMU
Bihar,India,2020-07-18 00:06:05,25.679658,85.60484,21764,197,14018,7549,,,"Bihar, India",17.439112904602204,,,35605,IND
Biobio,Chile,2020-07-18 00:06:05,-37.4464,-72.1416,9150,95,7765,1290,,,"Biobio, Chile",587.742202780695,,,15206,CHL
Blekinge,Sweden,2020-07-18 00:06:05,56.2784,15.018,478,14,0,464,,,"Blekinge, Sweden",299.4874879390499,,,75201,SWE
Bolivar,Colombia,2020-07-18 00:06:05,8.6704,-74.03,13631,476,7986,5169,,,"Bolivar, Colombia",658.4674244363827,,,17005,COL
"Bonaire, Sint Eustatius and Saba",Netherlands,2020-07-18 00:06:05,12.1784,-68.2385,10,0,7,3,,,"Bonaire, Sint Eustatius and Saba, Netherlands",38.13737080965638,,,535,BES
Boyaca,Colombia,2020-07-18 00:06:05,5.4545,-73.362,543,16,301,226,,,"Boyaca, Colombia",44.604132166232944,,,17006,COL
Brandenburg,Germany,2020-07-18 00:06:05,52.4125,12.5316,3498,173,3300,25,,,"Brandenburg, Germany",139.25619357645974,,,27604,DEU
Bremen,Germany,2020-07-18 00:06:05,53.0793,8.8017,1710,55,1623,32,,,"Bremen, Germany",250.37116426983863,,,27605,DEU
British Columbia,Canada,2020-07-18 00:06:05,53.7267,-127.6476,3198,189,2802,207,,,"British Columbia, Canada",62.57194159091216,,,12402,CAN
British Virgin Islands,United Kingdom,2020-07-18 00:06:05,18.4207,-64.64,8,1,7,0,,,"British Virgin Islands, United Kingdom",26.457651222012768,,,92,VGB
Bryansk Oblast,Russia,2020-07-18 00:06:05,52.8873315,33.41585300000001,6978,35,5314,1629,,,"Bryansk Oblast, Russia",576.2265665385613,,,64309,RUS
Buryatia Republic,Russia,2020-07-18 00:06:05,52.7182426,109.492143,3566,32,2753,781,,,"Buryatia Republic, Russia",362.2102749486801,,,64310,RUS
C. Valenciana,Spain,2020-07-18 00:06:05,39.484,-0.7533,11933,1432,9970,531,,,"C. Valenciana, Spain",239.8607910923666,,,72411,ESP
Cajamarca,Peru,2020-07-18 00:06:05,-6.4302839999999994,-78.74559599999998,4019,140,0,3879,,,"Cajamarca, Peru",276.46694641260234,,,60406,PER
Calabria,Italy,2020-07-18 00:06:05,38.90597598,16.59440194,1231,97,1065,69,,,"Calabria, Italy",63.221221376476464,,,38018,ITA
Caldas,Colombia,2020-07-18 00:06:05,5.2983,-75.2479,326,7,238,81,,,"Caldas, Colombia",32.65698644134014,,,17007,COL
Callao,Peru,2020-07-18 00:06:05,-11.954609,-77.136042,19573,755,0,18818,,,"Callao, Peru",1732.2771926719179,,,60407,PER
Campania,Italy,2020-07-18 00:06:05,40.83956555,14.25084984,4803,433,4098,272,,,"Campania, Italy",82.78619409648081,,,38015,ITA
Campeche,Mexico,2020-07-18 00:06:05,19.8301,-90.5349,3264,329,2663,272,,,"Campeche, Mexico",326.19873538027036,,,48404,MEX
Canarias,Spain,2020-07-18 00:06:05,28.2916,-16.6291,2483,162,1537,784,,,"Canarias, Spain",112.51071072059871,,,72405,ESP
Cantabria,Spain,2020-07-18 00:06:05,43.1828,-3.9878,2381,217,2287,-123,,,"Cantabria, Spain",409.35903761942507,,,72406,ESP
Capital District,Colombia,2020-07-18 00:06:05,4.711,-74.0721,56830,1340,20909,34581,,,"Capital District, Colombia",766.6710825913725,,,17008,COL
Caqueta,Colombia,2020-07-18 00:06:05,0.8699,-73.8419,169,3,26,140,,,"Caqueta, Colombia",42.09330766222736,,,17009,COL
Casanare,Colombia,2020-07-18 00:06:05,5.7589,-71.5724,141,1,65,75,,,"Casanare, Colombia",33.5311911420581,,,17010,COL
Castilla - La Mancha,Spain,2020-07-18 00:06:05,39.2796,-3.0977,18431,3034,6392,9005,,,"Castilla - La Mancha, Spain",905.7549915793436,,,72407,ESP
Castilla y Leon,Spain,2020-07-18 00:06:05,41.8357,-4.3976,19870,2793,8716,8361,,,"Castilla y Leon, Spain",825.2576178504843,,,72408,ESP
Catalonia,Spain,2020-07-18 00:06:05,41.5912,1.5209,67217,5678,26203,35336,,,"Catalonia, Spain",888.3580647203418,,,72409,ESP
Cauca,Colombia,2020-07-18 00:06:05,2.705,-76.82600000000002,939,32,281,626,,,"Cauca, Colombia",64.11797160509339,,,17011,COL
Cayman Islands,United Kingdom,2020-07-18 00:06:05,19.3133,-81.2546,203,1,200,2,,,"Cayman Islands, United Kingdom",308.8861838101035,,,136,CYM
Ceara,Brazil,2020-07-18 00:06:05,-5.4984,-39.3206,145938,7165,117563,21210,,,"Ceara, Brazil",1598.080962514775,,,7606,BRA
Cesar,Colombia,2020-07-18 00:06:05,9.3373,-73.6536,1766,37,959,770,,,"Cesar, Colombia",147.09630560048777,,,17012,COL
Ceuta,Spain,2020-07-18 00:06:05,35.8894,-5.3213,164,4,163,-3,,,"Ceuta, Spain",193.33011116481393,,,72410,ESP
Chandigarh,India,2020-07-18 00:06:05,30.733839,76.76827800000002,651,11,476,164,,,"Chandigarh, India",56.19466314709104,,,35606,IND
Channel Islands,United Kingdom,2020-07-18 00:06:05,49.3723,-2.3644,583,47,529,7,,,"Channel Islands, United Kingdom",341.9374893694391,,,8261,GBR
Chechen Republic,Russia,2020-07-18 00:06:05,43.39761470000001,45.6985005,1895,29,1298,568,,,"Chechen Republic, Russia",131.8736990955343,,,64311,RUS
Chelyabinsk Oblast,Russia,2020-07-18 00:06:05,54.4223954,61.1865846,9420,88,5282,4050,,,"Chelyabinsk Oblast, Russia",269.67944218152917,,,64312,RUS
Cherkasy Oblast,Ukraine,2020-07-18 00:06:05,49.4444,32.0598,800,32,611,157,,,"Cherkasy Oblast, Ukraine",66.31569087272278,,,80401,UKR
Chernihiv Oblast,Ukraine,2020-07-18 00:06:05,51.4982,31.2893,632,14,309,309,,,"Chernihiv Oblast, Ukraine",62.838990002436006,,,80402,UKR
Chernivtsi Oblast,Ukraine,2020-07-18 00:06:05,48.2917,25.9352,5262,204,3217,1841,,,"Chernivtsi Oblast, Ukraine",581.8389294694451,,,80403,UKR
Chhattisgarh,India,2020-07-18 00:06:05,21.264705,82.035366,4732,21,3451,1260,,,"Chhattisgarh, India",16.075427591256503,,,35607,IND
Chiapas,Mexico,2020-07-18 00:06:05,16.7569,-93.1292,5336,792,4372,172,,,"Chiapas, Mexico",93.11794515080797,,,48405,MEX
Chiba,Japan,2020-07-18 00:06:05,35.510141,140.198917,1244,46,967,231,,,"Chiba, Japan",19.874166491196736,,,39204,JPN
Chihuahua,Mexico,2020-07-18 00:06:05,28.63300000000001,-106.0691,4180,781,3197,202,,,"Chihuahua, Mexico",109.9569721006543,,,48406,MEX
Choco,Colombia,2020-07-18 00:06:05,5.2528,-76.82600000000002,2390,79,1215,1096,,,"Choco, Colombia",446.8743105234226,,,17013,COL
Chongqing,China,2020-07-18 00:06:05,30.0572,107.874,583,6,576,1,,,"Chongqing, China",1.8794326241134751,,,15603,CHN
Chukotka Autonomous Okrug,Russia,2020-07-18 00:06:05,66.0006475,169.4900869,146,1,142,3,,,"Chukotka Autonomous Okrug, Russia",295.85798816568047,,,64313,RUS
Chuvashia Republic,Russia,2020-07-18 00:06:05,55.4259922,47.0849429,6110,48,3307,2755,,,"Chuvashia Republic, Russia",496.2972650040573,,,64314,RUS
Ciudad de Mexico,Mexico,2020-07-18 00:06:05,19.4326,-99.1332,60474,8008,48511,3955,,,"Ciudad de Mexico, Mexico",670.5441892878587,,,48407,MEX
Coahuila,Mexico,2020-07-18 00:06:05,27.0587,-101.7068,8163,412,6619,1132,,,"Coahuila, Mexico",253.61013073519908,,,48408,MEX
Colima,Mexico,2020-07-18 00:06:05,19.1223,-104.0072,1051,129,660,262,,,"Colima, Mexico",133.85926055176506,,,48409,MEX
Coquimbo,Chile,2020-07-18 00:06:05,-29.959,-71.3389,4386,49,3682,655,,,"Coquimbo, Chile",578.9441726747855,,,15207,CHL
Cordoba,Colombia,2020-07-18 00:06:05,8.0493,-75.574,1882,240,473,1169,,,"Cordoba, Colombia",105.44699271564106,,,17014,COL
Crimea Republic*,Ukraine,2020-07-18 00:06:05,45.2835,34.2008,917,12,684,221,,,"Crimea Republic*, Ukraine",47.916870239338756,,,80404,UKR
Cundinamarca,Colombia,2020-07-18 00:06:05,5.026,-74.03,4999,109,2291,2599,,,"Cundinamarca, Colombia",171.25375977198138,,,17015,COL
Curacao,Netherlands,2020-07-18 00:06:05,12.1696,-68.99,26,1,24,1,,,"Curacao, Netherlands",15.843997562461913,,,531,CUW
Cusco,Peru,2020-07-18 00:06:05,-13.191068,-72.153609,2586,35,0,2551,,,"Cusco, Peru",190.55338589639672,,,60408,PER
Dadra and Nagar Haveli and Daman and Diu,India,2020-07-18 00:06:05,20.194742,73.080901,552,2,371,179,,,"Dadra and Nagar Haveli and Daman and Diu, India",89.65055771741885,,,35608,IND
Dagestan Republic,Russia,2020-07-18 00:06:05,43.05749160000001,47.1332224,8691,422,7238,1031,,,"Dagestan Republic, Russia",283.659471553273,,,64315,RUS
Dalarna,Sweden,2020-07-18 00:06:05,61.0917,14.6664,1897,165,0,1732,,,"Dalarna, Sweden",658.7583256356653,,,75202,SWE
Delhi,India,2020-07-18 00:06:05,28.646519,77.10898,118645,3545,97693,17407,,,"Delhi, India",634.094888536225,,,35609,IND
Diamond Princess,Canada,2020-07-18 00:06:05,,,0,1,0,-1,,,"Diamond Princess, Canada",,,,12413,CAN
Distrito Federal,Brazil,2020-07-18 00:06:05,-15.7998,-47.8645,79400,1060,62143,16197,,,"Distrito Federal, Brazil",2633.2651028034657,,,7607,BRA
Dnipropetrovsk Oblast,Ukraine,2020-07-18 00:06:05,48.4647,35.0462,1174,24,1057,93,,,"Dnipropetrovsk Oblast, Ukraine",36.61339220583837,,,80405,UKR
Donetsk Oblast,Ukraine,2020-07-18 00:06:05,48.0159,37.8028,781,10,298,473,,,"Donetsk Oblast, Ukraine",18.747445030498806,,,80406,UKR
Drenthe,Netherlands,2020-07-18 00:06:05,52.862485,6.6184350000000025,536,41,0,495,,,"Drenthe, Netherlands",108.57191471433028,,,52801,NLD
Durango,Mexico,2020-07-18 00:06:05,24.5593,-104.6588,3004,215,2329,460,,,"Durango, Mexico",160.72800583842877,,,48410,MEX
Ehime,Japan,2020-07-18 00:06:05,33.624835,132.856842,82,5,77,0,,,"Ehime, Japan",6.122989960536583,,,39205,JPN
Emilia-Romagna,Italy,2020-07-18 00:06:05,44.49436681,11.341720800000001,29087,4273,23586,1228,,,"Emilia-Romagna, Italy",652.2513738718689,,,38008,ITA
England,United Kingdom,2020-07-18 00:06:05,52.3555,-1.1743,252117,40640,0,211477,,,"England, United Kingdom",450.39230258033626,,,82601,GBR
Espirito Santo,Brazil,2020-07-18 00:06:05,-19.1834,-40.3089,69461,2174,46216,21071,,,"Espirito Santo, Brazil",1728.4660271484204,,,7608,BRA
Extremadura,Spain,2020-07-18 00:06:05,39.4937,-6.0679,3243,519,2652,72,,,"Extremadura, Spain",304.3858595263482,,,72412,ESP
Falkland Islands (Malvinas),United Kingdom,2020-07-18 00:06:05,-51.7963,-59.5236,13,0,13,0,,,"Falkland Islands (Malvinas), United Kingdom",373.2414585127763,,,238,FLK
Faroe Islands,Denmark,2020-07-18 00:06:05,61.8926,-6.9118,188,0,188,0,,,"Faroe Islands, Denmark",384.73344929908933,,,234,FRO
Flevoland,Netherlands,2020-07-18 00:06:05,52.550383,5.515162,981,92,0,889,,,"Flevoland, Netherlands",231.9033806832285,,,52802,NLD
French Guiana,France,2020-07-18 00:06:05,4.0,-53.0,6509,34,3932,2543,,,"French Guiana, France",2179.2407979054647,,,254,GUF
French Polynesia,France,2020-07-18 00:06:05,-17.6797,-149.4068,62,0,60,2,,,"French Polynesia, France",22.071597414063167,,,258,PYF
Friesland,Netherlands,2020-07-18 00:06:05,53.087337,5.7925,642,69,0,573,,,"Friesland, Netherlands",98.7757651660033,,,52803,NLD
Friuli Venezia Giulia,Italy,2020-07-18 00:06:05,45.6494354,13.76813649,3346,345,2905,96,,,"Friuli Venezia Giulia, Italy",275.3410905021313,,,38006,ITA
Fujian,China,2020-07-18 00:06:05,26.0789,117.9874,363,1,361,1,,,"Fujian, China",0.9210860187769602,,,15604,CHN
Fukui,Japan,2020-07-18 00:06:05,35.846614,136.22465400000002,126,8,114,4,,,"Fukui, Japan",16.407595935604093,,,39206,JPN
Fukuoka,Japan,2020-07-18 00:06:05,33.526032,130.666949,968,33,837,98,,,"Fukuoka, Japan",18.966710092856545,,,39207,JPN
Fukushima,Japan,2020-07-18 00:06:05,37.378867,140.223295,84,0,82,2,,,"Fukushima, Japan",4.551565169472652,,,39208,JPN
Galicia,Spain,2020-07-18 00:06:05,42.5751,-8.1339,9494,619,9204,-329,,,"Galicia, Spain",351.5722061692886,,,72413,ESP
Gansu,China,2020-07-18 00:06:05,35.7518,104.2861,167,2,165,0,,,"Gansu, China",0.6332954114524081,,,15605,CHN
Gavleborg,Sweden,2020-07-18 00:06:05,61.3012,16.1534,3022,152,0,2870,,,"Gavleborg, Sweden",1051.5620324167833,,,75203,SWE
Gelderland,Netherlands,2020-07-18 00:06:05,52.061738,5.939114,6518,684,0,5834,,,"Gelderland, Netherlands",312.4712361550026,,,52804,NLD
Gibraltar,United Kingdom,2020-07-18 00:06:05,36.1408,-5.3536,180,0,180,0,,,"Gibraltar, United Kingdom",534.2673117449764,,,292,GIB
Gifu,Japan,2020-07-18 00:06:05,35.778671,137.055925,172,7,151,14,,,"Gifu, Japan",8.658065315035284,,,39209,JPN
Gilgit-Baltistan,Pakistan,2020-07-18 00:06:05,35.792146,74.982138,1775,39,1396,340,,,"Gilgit-Baltistan, Pakistan",175.12115424079306,,,58603,PAK
Goa,India,2020-07-18 00:06:05,15.359682000000001,74.057396,3108,19,1817,1272,,,"Goa, India",195.9338061465721,,,35610,IND
Goias,Brazil,2020-07-18 00:06:05,-15.827,-49.8362,40681,1029,12427,27225,,,"Goias, Brazil",579.6373337680031,,,7609,BRA
Gotland,Sweden,2020-07-18 00:06:05,57.4684,18.4867,196,6,0,190,,,"Gotland, Sweden",328.3852159635425,,,75204,SWE
Greenland,Denmark,2020-07-18 00:06:05,71.7069,-42.6043,13,0,13,0,,,"Greenland, Denmark",22.898611991826957,,,304,GRL
Groningen,Netherlands,2020-07-18 00:06:05,53.217921999999994,6.741514,367,17,0,350,,,"Groningen, Netherlands",62.642310699033565,,,52805,NLD
Guadeloupe,France,2020-07-18 00:06:05,16.265,-61.551,195,14,172,9,,,"Guadeloupe, France",48.73452678774489,,,312,GLP
Guainia,Colombia,2020-07-18 00:06:05,2.5854,-68.5247,15,1,11,3,,,"Guainia, Colombia",31.17595710188303,,,17016,COL
Guanajuato,Mexico,2020-07-18 00:06:05,21.019,-101.2574,13535,683,10483,2369,,,"Guanajuato, Mexico",217.3188775203009,,,48411,MEX
Guangdong,China,2020-07-18 00:06:05,23.3417,113.4244,1650,8,1636,6,,,"Guangdong, China",1.4542570068746694,,,15606,CHN
Guangxi,China,2020-07-18 00:06:05,23.8298,108.7881,254,2,252,0,,,"Guangxi, China",0.5156313438895656,,,15607,CHN
Guaviare,Colombia,2020-07-18 00:06:05,1.0654,-73.2603,48,0,37,11,,,"Guaviare, Colombia",57.99412809453043,,,17017,COL
Guerrero,Mexico,2020-07-18 00:06:05,17.4392,-99.5451,8432,1142,6596,694,,,"Guerrero, Mexico",230.5684803699596,,,48412,MEX
Guizhou,China,2020-07-18 00:06:05,26.8154,106.8748,147,2,145,0,,,"Guizhou, China",0.4083333333333333,,,15608,CHN
Gujarat,India,2020-07-18 00:06:05,22.694884,71.590923,45481,2089,32103,11289,,,"Gujarat, India",71.2060306361751,,,35611,IND
Gunma,Japan,2020-07-18 00:06:05,36.504478999999996,138.985605,166,19,136,11,,,"Gunma, Japan",8.545882120367205,,,39210,JPN
Hainan,China,2020-07-18 00:06:05,19.1959,109.7453,171,6,165,0,,,"Hainan, China",1.8308351177730193,,,15609,CHN
Halland,Sweden,2020-07-18 00:06:05,56.8967,12.8034,1671,78,0,1593,,,"Halland, Sweden",500.52718602477773,,,75205,SWE
Hamburg,Germany,2020-07-18 00:06:05,53.5511,9.9937,5236,260,4900,76,,,"Hamburg, Germany",284.38299589556476,,,27606,DEU
Haryana,India,2020-07-18 00:06:05,29.20004,76.332824,24002,322,18185,5495,,,"Haryana, India",85.09931609960499,,,35612,IND
Hebei,China,2020-07-18 00:06:05,37.8957,114.9042,349,6,340,3,,,"Hebei, China",0.4618845950238221,,,15610,CHN
Heilongjiang,China,2020-07-18 00:06:05,47.862,127.7615,947,13,934,0,,,"Heilongjiang, China",2.5099390405512856,,,15611,CHN
Henan,China,2020-07-18 00:06:05,37.8957,114.9042,1276,22,1254,0,,,"Henan, China",1.3284747527329517,,,15612,CHN
Hessen,Germany,2020-07-18 00:06:05,50.6521,9.1624,11324,514,10301,509,,,"Hessen, Germany",180.7268622455616,,,27607,DEU
Hidalgo,Mexico,2020-07-18 00:06:05,20.0911,-98.7624,5134,841,3776,517,,,"Hidalgo, Mexico",166.34191006132036,,,48413,MEX
Himachal Pradesh,India,2020-07-18 00:06:05,31.927213000000002,77.233081,1377,11,984,382,,,"Himachal Pradesh, India",18.47837245393994,,,35613,IND
Hiroshima,Japan,2020-07-18 00:06:05,34.605309000000005,132.788719,200,3,167,30,,,"Hiroshima, Japan",7.13221740282443,,,39211,JPN
Hokkaido,Japan,2020-07-18 00:06:05,43.385711,142.55231799999999,1317,102,1139,76,,,"Hokkaido, Japan",25.085480154566177,,,39212,JPN
Hong Kong,China,2020-07-18 00:06:05,22.3,114.2,1655,10,1254,391,,,"Hong Kong, China",22.075532200398346,,,344,HKG
Huancavelica,Peru,2020-07-18 00:06:05,-13.023888000000001,-75.00277,1176,26,0,1150,,,"Huancavelica, Peru",321.92718313714755,,,60409,PER
Huanuco,Peru,2020-07-18 00:06:05,-9.421676,-76.040642,4500,127,0,4373,,,"Huanuco, Peru",591.8716296198869,,,60410,PER
Hubei,China,2020-07-18 00:06:05,30.9756,112.2707,68135,4512,63623,0,,,"Hubei, China",115.15125908399527,,,15613,CHN
Huila,Colombia,2020-07-18 00:06:05,2.5359,-75.5277,483,15,341,127,,,"Huila, Colombia",43.893688214862784,,,17018,COL
Hunan,China,2020-07-18 00:06:05,27.6104,111.7088,1019,4,1015,0,,,"Hunan, China",1.4770256558921582,,,15614,CHN
Hyogo,Japan,2020-07-18 00:06:05,35.039913,134.828057,801,45,674,82,,,"Hyogo, Japan",14.65371675700991,,,39213,JPN
Ibaraki,Japan,2020-07-18 00:06:05,36.303588,140.319591,215,10,181,24,,,"Ibaraki, Japan",7.516675657543054,,,39214,JPN
Ica,Peru,2020-07-18 00:06:05,-14.235097,-75.574821,9795,662,0,9133,,,"Ica, Peru",1004.4093519278097,,,60411,PER
Ingushetia Republic,Russia,2020-07-18 00:06:05,43.11542075,45.01713552,3393,71,2533,789,,,"Ingushetia Republic, Russia",695.2256256108581,,,64316,RUS
Inner Mongolia,China,2020-07-18 00:06:05,44.0935,113.9448,249,1,237,11,,,"Inner Mongolia, China",0.9826361483820047,,,15615,CHN
Irkutsk Oblast,Russia,2020-07-18 00:06:05,56.6370122,104.719221,11074,115,5912,5047,,,"Irkutsk Oblast, Russia",460.6115560509859,,,64317,RUS
Ishikawa,Japan,2020-07-18 00:06:05,36.769464,136.771027,301,27,269,5,,,"Ishikawa, Japan",26.45807274475695,,,39215,JPN
Islamabad,Pakistan,2020-07-18 00:06:05,33.665087,73.121219,14454,157,11599,2698,,,"Islamabad, Pakistan",720.3329858086329,,,58604,PAK
Isle of Man,United Kingdom,2020-07-18 00:06:05,54.2361,-4.5481,336,24,312,0,,,"Isle of Man, United Kingdom",395.14535704205474,,,833,IMN
Ivano-Frankivsk Oblast,Ukraine,2020-07-18 00:06:05,48.9226,24.7111,3309,119,1286,1904,,,"Ivano-Frankivsk Oblast, Ukraine",240.9608724400183,,,80407,UKR
Ivanovo Oblast,Russia,2020-07-18 00:06:05,56.9167446,41.43521370000001,5813,63,4153,1597,,,"Ivanovo Oblast, Russia",572.9091722630355,,,64318,RUS
Jalisco,Mexico,2020-07-18 00:06:05,20.6595,-103.3494,9921,1147,7433,1341,,,"Jalisco, Mexico",117.97101273494764,,,48414,MEX
Jammu and Kashmir,India,2020-07-18 00:06:05,33.75943,76.612638,12156,222,6446,5488,,,"Jammu and Kashmir, India",89.34083572927875,,,35614,IND
Jamtland Harjedalen,Sweden,2020-07-18 00:06:05,63.1712,14.9592,1100,59,0,1041,,,"Jamtland Harjedalen, Sweden",840.9143031878297,,,75206,SWE
Jewish Autonomous Okrug,Russia,2020-07-18 00:06:05,48.57527615,132.66307460000002,499,7,406,86,,,"Jewish Autonomous Okrug, Russia",307.9980742404977,,,64319,RUS
Jharkhand,India,2020-07-18 00:06:05,23.654536,85.557631,4624,42,2513,2069,,,"Jharkhand, India",11.981153107217743,,,35615,IND
Jiangsu,China,2020-07-18 00:06:05,32.9711,119.455,654,0,654,0,,,"Jiangsu, China",0.8123214507514595,,,15616,CHN
Jiangxi,China,2020-07-18 00:06:05,27.614,115.7221,932,1,931,0,,,"Jiangxi, China",2.0051635111876074,,,15617,CHN
Jilin,China,2020-07-18 00:06:05,43.6661,126.1923,155,2,153,0,,,"Jilin, China",0.5732248520710059,,,15618,CHN
Jonkoping,Sweden,2020-07-18 00:06:05,57.3708,14.3439,4544,178,0,4366,,,"Jonkoping, Sweden",1249.7284095940859,,,75207,SWE
Junin,Peru,2020-07-18 00:06:05,-11.541783,-74.876968,5707,260,0,5447,,,"Junin, Peru",419.1700330517811,,,60412,PER
Kabardino-Balkarian Republic,Russia,2020-07-18 00:06:05,43.4806048,43.5978976,5751,63,5228,460,,,"Kabardino-Balkarian Republic, Russia",664.2196833551236,,,64320,RUS
Kagawa,Japan,2020-07-18 00:06:05,34.217292,133.969047,43,0,28,15,,,"Kagawa, Japan",4.496275933317091,,,39217,JPN
Kagoshima,Japan,2020-07-18 00:06:05,31.009484000000004,130.430665,163,0,74,89,,,"Kagoshima, Japan",10.173047913807448,,,39218,JPN
Kaliningrad Oblast,Russia,2020-07-18 00:06:05,54.7293041,21.1489473,2676,43,1921,712,,,"Kaliningrad Oblast, Russia",269.05315609607493,,,64321,RUS
Kalmar,Sweden,2020-07-18 00:06:05,57.235,16.1849,743,61,0,682,,,"Kalmar, Sweden",302.71424264400315,,,75208,SWE
Kalmykia Republic,Russia,2020-07-18 00:06:05,46.2313018,45.3275745,2315,30,1339,946,,,"Kalmykia Republic, Russia",840.5558198051654,,,64322,RUS
Kaluga Oblast,Russia,2020-07-18 00:06:05,54.4382773,35.5272854,6818,54,5139,1625,,,"Kaluga Oblast, Russia",673.6781363877097,,,64323,RUS
Kamchatka Krai,Russia,2020-07-18 00:06:05,57.1914882,160.03838190000005,2910,42,2130,738,,,"Kamchatka Krai, Russia",922.1788773502093,,,64324,RUS
Kanagawa,Japan,2020-07-18 00:06:05,35.415312,139.338983,1920,98,1555,267,,,"Kanagawa, Japan",20.87349487968822,,,39219,JPN
Karachay-Cherkess Republic,Russia,2020-07-18 00:06:05,43.7368326,41.7267991,4162,20,2612,1530,,,"Karachay-Cherkess Republic, Russia",892.5488682300211,,,64325,RUS
Karelia Republic,Russia,2020-07-18 00:06:05,62.61940309999999,33.4920267,1852,3,1075,774,,,"Karelia Republic, Russia",297.51768720159873,,,64326,RUS
Karnataka,India,2020-07-18 00:06:05,14.705179999999999,76.166436,51422,1032,19729,30661,,,"Karnataka, India",76.1100587386357,,,35616,IND
Kemerovo Oblast,Russia,2020-07-18 00:06:05,54.53357809999999,87.342861,2650,15,1439,1196,,,"Kemerovo Oblast, Russia",98.33472919172192,,,64327,RUS
Kerala,India,2020-07-18 00:06:05,10.450898,76.405749,10275,37,4862,5376,,,"Kerala, India",28.781961668141435,,,35617,IND
Khabarovsk Krai,Russia,2020-07-18 00:06:05,51.6312684,136.121524,5873,46,3050,2777,,,"Khabarovsk Krai, Russia",442.14342822641237,,,64328,RUS
Khakassia Republic,Russia,2020-07-18 00:06:05,53.72258845,91.44293627,2520,25,1969,526,,,"Khakassia Republic, Russia",468.82587025802167,,,64329,RUS
Khanty-Mansi Autonomous Okrug,Russia,2020-07-18 00:06:05,61.0259025,69.0982628,13494,97,8164,5233,,,"Khanty-Mansi Autonomous Okrug, Russia",880.6697110053692,,,64330,RUS
Kharkiv Oblast,Ukraine,2020-07-18 00:06:05,49.9935,36.2304,2909,114,1570,1225,,,"Kharkiv Oblast, Ukraine",108.72335829223971,,,80408,UKR
Kherson Oblast,Ukraine,2020-07-18 00:06:05,46.6354,32.6169,207,3,190,14,,,"Kherson Oblast, Ukraine",19.949115300104083,,,80409,UKR
Khmelnytskyi Oblast,Ukraine,2020-07-18 00:06:05,49.423,26.9871,942,22,804,116,,,"Khmelnytskyi Oblast, Ukraine",74.4837728956555,,,80410,UKR
Khyber Pakhtunkhwa,Pakistan,2020-07-18 00:06:05,34.485332,72.09169,31486,1124,22613,7749,,,"Khyber Pakhtunkhwa, Pakistan",103.15374406057575,,,58605,PAK
Kiev,Ukraine,2020-07-18 00:06:05,50.4501,30.5234,6689,126,2320,4243,,,"Kiev, Ukraine",226.68428900637116,,,80411,UKR
Kiev Oblast,Ukraine,2020-07-18 00:06:05,50.053000000000004,30.7667,3184,59,2154,971,,,"Kiev Oblast, Ukraine",180.0966096134484,,,80412,UKR
Kirov Oblast,Russia,2020-07-18 00:06:05,57.9665589,49.4074599,4046,50,3686,310,,,"Kirov Oblast, Russia",315.2961492723875,,,64331,RUS
Kirovohrad Oblast,Ukraine,2020-07-18 00:06:05,48.5079,32.2623,677,33,601,43,,,"Kirovohrad Oblast, Ukraine",71.5986162536262,,,80413,UKR
Kochi,Japan,2020-07-18 00:06:05,33.422519,133.367307,76,3,71,2,,,"Kochi, Japan",10.887799790553114,,,39220,JPN
Komi Republic,Russia,2020-07-18 00:06:05,63.9881421,54.3326073,4542,40,2639,1863,,,"Komi Republic, Russia",540.1529125087856,,,64332,RUS
Kostroma Oblast,Russia,2020-07-18 00:06:05,58.424756,44.2533273,1922,24,1282,616,,,"Kostroma Oblast, Russia",298.7608110376731,,,64333,RUS
Krasnodar Krai,Russia,2020-07-18 00:06:05,45.7684014,39.0261044,7045,93,6002,950,,,"Krasnodar Krai, Russia",125.7267882828701,,,64334,RUS
Krasnoyarsk Krai,Russia,2020-07-18 00:06:05,63.3233807,97.0979974,11149,256,8083,2810,,,"Krasnoyarsk Krai, Russia",387.58948818649907,,,64335,RUS
Kronoberg,Sweden,2020-07-18 00:06:05,56.7183,14.4115,1104,102,0,1002,,,"Kronoberg, Sweden",547.9751227235952,,,75209,SWE
Kumamoto,Japan,2020-07-18 00:06:05,32.608154,130.74523100000002,49,3,46,0,,,"Kumamoto, Japan",2.803898219639075,,,39221,JPN
Kurgan Oblast,Russia,2020-07-18 00:06:05,55.7655302,64.5632681,1653,3,796,854,,,"Kurgan Oblast, Russia",195.49706281333638,,,64336,RUS
Kursk Oblast,Russia,2020-07-18 00:06:05,51.6568453,36.4852695,5799,49,4080,1670,,,"Kursk Oblast, Russia",519.9791613800475,,,64337,RUS
Kyoto,Japan,2020-07-18 00:06:05,35.253815,135.443341,502,18,391,93,,,"Kyoto, Japan",19.43508931817293,,,39222,JPN
La Guajira,Colombia,2020-07-18 00:06:05,11.3548,-72.5205,1182,69,277,836,,,"La Guajira, Colombia",134.23276097029162,,,17019,COL
La Libertad,Peru,2020-07-18 00:06:05,-7.92139,-78.370238,12743,854,0,11889,,,"La Libertad, Peru",631.8425228084094,,,60413,PER
La Rioja,Spain,2020-07-18 00:06:05,42.2871,-2.5396,4111,366,3107,638,,,"La Rioja, Spain",1311.026848783848,,,72419,ESP
Ladakh,India,2020-07-18 00:06:05,34.1526,77.5771,1147,1,970,176,,,"Ladakh, India",418.1720739803638,,,35618,IND
Lambayeque,Peru,2020-07-18 00:06:05,-6.3530489999999995,-79.824113,15495,813,0,14682,,,"Lambayeque, Peru",1182.1025328043943,,,60414,PER
Lazio,Italy,2020-07-18 00:06:05,41.89277044,12.48366722,8399,849,6698,852,,,"Lazio, Italy",142.86244008843556,,,38012,ITA
Leningrad Oblast,Russia,2020-07-18 00:06:05,60.1853296,32.3925325,5269,46,4329,894,,,"Leningrad Oblast, Russia",290.4925306646319,,,64338,RUS
Liaoning,China,2020-07-18 00:06:05,41.2956,122.6085,164,2,150,12,,,"Liaoning, China",0.3762330809818766,,,15619,CHN
Liguria,Italy,2020-07-18 00:06:05,44.41149315,8.9326992,10052,1565,8301,186,,,"Liguria, Italy",648.2484651498736,,,38007,ITA
Lima,Peru,2020-07-18 00:06:05,-11.766533,-76.60449799999998,185758,5939,0,179819,,,"Lima, Peru",1747.7348638095687,,,60415,PER
Limburg,Netherlands,2020-07-18 00:06:05,51.209227,5.93387,4885,751,0,4134,,,"Limburg, Netherlands",437.25345752465313,,,52806,NLD
Lipetsk Oblast,Russia,2020-07-18 00:06:05,52.6935178,39.1122664,4349,19,3265,1065,,,"Lipetsk Oblast, Russia",378.10782637121685,,,64339,RUS
Lombardia,Italy,2020-07-18 00:06:05,45.46679409,9.190347404,95371,16778,71172,7421,,,"Lombardia, Italy",947.967779969612,,,38003,ITA
Loreto,Peru,2020-07-18 00:06:05,-4.124847,-74.424115,10122,366,0,9756,,,"Loreto, Peru",985.0136239782016,,,60416,PER
Los Lagos,Chile,2020-07-18 00:06:05,-41.9198,-72.1416,2629,30,2062,537,,,"Los Lagos, Chile",317.24081341075504,,,15208,CHL
Los Rios,Chile,2020-07-18 00:06:05,-40.231,-72.3311,820,13,722,85,,,"Los Rios, Chile",213.0772249030109,,,15209,CHL
Luhansk Oblast,Ukraine,2020-07-18 00:06:05,48.574,39.3078,100,1,76,23,,,"Luhansk Oblast, Ukraine",4.64720078184506,,,80414,UKR
Lviv Oblast,Ukraine,2020-07-18 00:06:05,49.8397,24.0297,7754,203,1305,6246,,,"Lviv Oblast, Ukraine",307.4518412019567,,,80415,UKR
Macau,China,2020-07-18 00:06:05,22.1667,113.55,46,0,45,1,,,"Macau, China",7.084094360136877,,,446,MAC
Madhya Pradesh,India,2020-07-18 00:06:05,23.541513000000002,78.289633,20378,689,14127,5562,,,"Madhya Pradesh, India",23.873297901397937,,,35619,IND
Madre de Dios,Peru,2020-07-18 00:06:05,-11.972699,-70.53171999999998,2555,82,0,2473,,,"Madre de Dios, Peru",1470.0805523590334,,,60417,PER
Madrid,Spain,2020-07-18 00:06:05,40.4168,-3.7038,73026,8446,40736,23844,,,"Madrid, Spain",1099.5160990892473,,,72414,ESP
Magadan Oblast,Russia,2020-07-18 00:06:05,62.48858785,153.9903764,1120,6,693,421,,,"Magadan Oblast, Russia",777.2865758444317,,,64340,RUS
Magallanes,Chile,2020-07-18 00:06:05,-52.368,-70.9863,1592,28,1466,98,,,"Magallanes, Chile",955.9666852815958,,,15210,CHL
Magdalena,Colombia,2020-07-18 00:06:05,10.4113,-74.4057,3295,217,1319,1759,,,"Magdalena, Colombia",245.57554112328265,,,17020,COL
Maharashtra,India,2020-07-18 00:06:05,19.449759,76.108221,284281,11194,158140,114947,,,"Maharashtra, India",230.8520798413743,,,35620,IND
Manipur,India,2020-07-18 00:06:05,24.738975,93.882541,1764,0,1129,635,,,"Manipur, India",57.05884921616862,,,35621,IND
Manitoba,Canada,2020-07-18 00:06:05,53.7609,-98.8139,336,7,318,11,,,"Manitoba, Canada",24.391713496094784,,,12403,CAN
Maranhao,Brazil,2020-07-18 00:06:05,-4.9609,-45.2744,105183,2640,87059,15484,,,"Maranhao, Brazil",1486.6474794072406,,,7610,BRA
Marche,Italy,2020-07-18 00:06:05,43.61675973,13.5188753,6809,987,5667,155,,,"Marche, Italy",446.412473586661,,,38011,ITA
Mari El Republic,Russia,2020-07-18 00:06:05,56.5767504,47.8817512,3436,31,2940,465,,,"Mari El Republic, Russia",503.5664404330437,,,64341,RUS
Martinique,France,2020-07-18 00:06:05,14.6415,-61.0242,255,15,98,142,,,"Martinique, France",67.95198060037573,,,474,MTQ
Mato Grosso,Brazil,2020-07-18 00:06:05,-12.6819,-56.9211,32971,1268,15018,16685,,,"Mato Grosso, Brazil",946.2282025423694,,,7611,BRA
Mato Grosso do Sul,Brazil,2020-07-18 00:06:05,-20.7722,-54.7852,15805,203,9804,5798,,,"Mato Grosso do Sul, Brazil",568.7326240578398,,,7612,BRA
Maule,Chile,2020-07-18 00:06:05,-35.5183,-71.6885,7603,125,6446,1032,,,"Maule, Chile",727.594621752237,,,15211,CHL
Mayotte,France,2020-07-18 00:06:05,-12.8275,45.166244,2782,37,2591,154,,,"Mayotte, France",1019.7461264675803,,,175,MYT
Mecklenburg-Vorpommern,Germany,2020-07-18 00:06:05,53.6127,12.4296,806,20,784,2,,,"Mecklenburg-Vorpommern, Germany",50.07221954742417,,,27608,DEU
Meghalaya,India,2020-07-18 00:06:05,25.536934,91.278882,377,2,66,309,,,"Meghalaya, India",11.197875670907207,,,35622,IND
Melilla,Spain,2020-07-18 00:06:05,35.2923,-2.9381,129,2,125,2,,,"Melilla, Spain",152.32202529254096,,,72415,ESP
Meta,Colombia,2020-07-18 00:06:05,3.272,-73.0877,1769,19,1137,613,,,"Meta, Colombia",170.14163401370752,,,17021,COL
Metropolitana,Chile,2020-07-18 00:06:05,-33.4376,-70.6505,244073,6858,226678,10537,,,"Metropolitana, Chile",3431.457730898964,,,15212,CHL
Mexico,Mexico,2020-07-18 00:06:05,19.4969,-99.7233,44783,5524,36845,2414,,,"Mexico, Mexico",256.96316056137925,,,48415,MEX
Michoacan,Mexico,2020-07-18 00:06:05,19.5665,-101.7068,7611,603,6635,373,,,"Michoacan, Mexico",157.7278240709943,,,48416,MEX
Mie,Japan,2020-07-18 00:06:05,34.508018,136.376013,54,1,46,7,,,"Mie, Japan",3.032205390362753,,,39223,JPN
Minas Gerais,Brazil,2020-07-18 00:06:05,-18.5122,-44.555,87271,1904,57930,27437,,,"Minas Gerais, Brazil",412.26256142828373,,,7613,BRA
Miyagi,Japan,2020-07-18 00:06:05,38.446859,140.927086,129,1,100,28,,,"Miyagi, Japan",5.593217031996237,,,39224,JPN
Miyazaki,Japan,2020-07-18 00:06:05,32.193203999999994,131.299374,20,0,17,3,,,"Miyazaki, Japan",1.8634101710517366,,,39225,JPN
Mizoram,India,2020-07-18 00:06:05,23.309381,92.83821999999999,272,0,160,112,,,"Mizoram, India",21.948865598703726,,,35623,IND
Molise,Italy,2020-07-18 00:06:05,41.55774754,14.65916051,446,23,415,8,,,"Molise, Italy",145.9342903045315,,,38014,ITA
Montserrat,United Kingdom,2020-07-18 00:06:05,16.742498,-62.187366000000004,12,1,10,1,,,"Montserrat, United Kingdom",240.04800960192037,,,500,MSR
Moquegua,Peru,2020-07-18 00:06:05,-16.860271,-70.839046,1541,35,0,1506,,,"Moquegua, Peru",799.6886351842242,,,60418,PER
Mordovia Republic,Russia,2020-07-18 00:06:05,54.4419829,44.4661144,4014,30,2926,1058,,,"Mordovia Republic, Russia",498.59885523491533,,,64342,RUS
Morelos,Mexico,2020-07-18 00:06:05,18.6813,-99.1013,3490,760,2537,193,,,"Morelos, Mexico",170.73879508311407,,,48417,MEX
Moscow,Russia,2020-07-18 00:06:05,55.7504461,37.6174943,232376,4271,169637,58468,,,"Moscow, Russia",1858.0465723815869,,,64343,RUS
Moscow Oblast,Russia,2020-07-18 00:06:05,55.50431579999999,38.0353929,61399,1043,42721,17635,,,"Moscow Oblast, Russia",818.284014481464,,,64344,RUS
Murcia,Spain,2020-07-18 00:06:05,37.9922,-1.1307,1786,148,2180,-542,,,"Murcia, Spain",120.054071385791,,,72416,ESP
Murmansk Oblast,Russia,2020-07-18 00:06:05,68.00004179999999,33.9999151,7943,44,4296,3603,,,"Murmansk Oblast, Russia",1054.0675755118723,,,64345,RUS
Mykolaiv Oblast,Ukraine,2020-07-18 00:06:05,46.975,31.9946,504,12,401,91,,,"Mykolaiv Oblast, Ukraine",19.983973170723004,,,80416,UKR
Nagaland,India,2020-07-18 00:06:05,26.06702,94.470302,916,0,391,525,,,"Nagaland, India",40.716630476575716,,,35624,IND
Nagano,Japan,2020-07-18 00:06:05,36.132134,138.045528,82,0,76,6,,,"Nagano, Japan",4.002362369984235,,,39226,JPN
Nagasaki,Japan,2020-07-18 00:06:05,33.235712,129.608033,33,1,17,15,,,"Nagasaki, Japan",2.4877047079434673,,,39227,JPN
Nara,Japan,2020-07-18 00:06:05,34.317451,135.871644,143,2,98,43,,,"Nara, Japan",10.750885444428823,,,39228,JPN
Narino,Colombia,2020-07-18 00:06:05,1.2892,-77.3579,5002,155,2905,1942,,,"Narino, Colombia",306.7597535128346,,,17022,COL
Navarra,Spain,2020-07-18 00:06:05,42.6954,-1.6761,5708,529,3905,1274,,,"Navarra, Spain",878.2268065346967,,,72417,ESP
Nayarit,Mexico,2020-07-18 00:06:05,21.7514,-104.8455,2594,271,1845,478,,,"Nayarit, Mexico",201.3082709451012,,,48418,MEX
Nenets Autonomous Okrug,Russia,2020-07-18 00:06:05,68.27557185,57.1686375,256,0,46,210,,,"Nenets Autonomous Okrug, Russia",581.8578539445871,,,64346,RUS
New Brunswick,Canada,2020-07-18 00:06:05,46.5653,-66.4619,168,2,163,3,,,"New Brunswick, Canada",21.538654834081843,,,12404,CAN
New Caledonia,France,2020-07-18 00:06:05,-20.904304999999997,165.618042,22,0,21,1,,,"New Caledonia, France",7.706022256393371,,,540,NCL
New South Wales,Australia,2020-07-18 00:06:05,-33.8688,151.2093,3550,49,2988,513,,,"New South Wales, Australia",43.729982754373,,,3602,AUS
Newfoundland and Labrador,Canada,2020-07-18 00:06:05,53.1355,-57.6604,262,3,259,0,,,"Newfoundland and Labrador, Canada",50.252702041755775,,,12405,CAN
Niedersachsen,Germany,2020-07-18 00:06:05,52.6367,9.8451,13905,645,12890,370,,,"Niedersachsen, Germany",174.19468313479774,,,27609,DEU
Niigata,Japan,2020-07-18 00:06:05,37.521819,138.918647,88,0,83,5,,,"Niigata, Japan",3.958425734085554,,,39229,JPN
Ningxia,China,2020-07-18 00:06:05,37.2692,106.1655,75,0,75,0,,,"Ningxia, China",1.0901162790697674,,,15620,CHN
Nizhny Novgorod Oblast,Russia,2020-07-18 00:06:05,55.47180329999999,44.0911594,21200,325,15532,5343,,,"Nizhny Novgorod Oblast, Russia",655.3825455552698,,,64347,RUS
Noord-Brabant,Netherlands,2020-07-18 00:06:05,51.561174,5.1849419999999995,9747,1535,0,8212,,,"Noord-Brabant, Netherlands",380.3032046992632,,,52807,NLD
Noord-Holland,Netherlands,2020-07-18 00:06:05,52.60090600000001,4.9186879999999995,7459,817,0,6642,,,"Noord-Holland, Netherlands",259.0355985549015,,,52808,NLD
Nordrhein-Westfalen,Germany,2020-07-18 00:06:05,51.4332,7.6616,45710,1711,41848,2151,,,"Nordrhein-Westfalen, Germany",254.8981742855532,,,27610,DEU
Norrbotten,Sweden,2020-07-18 00:06:05,66.8309,20.3992,1526,70,0,1456,,,"Norrbotten, Sweden",610.1730156381826,,,75210,SWE
Norte de Santander,Colombia,2020-07-18 00:06:05,7.9463,-72.8988,712,33,260,419,,,"Norte de Santander, Colombia",47.73112894175662,,,17023,COL
North Ossetia - Alania Republic,Russia,2020-07-18 00:06:05,42.79336110000001,44.6324493,4320,67,3743,510,,,"North Ossetia - Alania Republic, Russia",615.590689190826,,,64348,RUS
Northern Ireland,United Kingdom,2020-07-18 00:06:05,54.7877,-6.4923,5834,556,0,5278,,,"Northern Ireland, United Kingdom",310.05527210884355,,,82602,GBR
Northern Territory,Australia,2020-07-18 00:06:05,-12.4634,130.8456,31,0,29,2,,,"Northern Territory, Australia",12.62214983713355,,,3603,AUS
Northwest Territories,Canada,2020-07-18 00:06:05,64.8255,-124.8457,5,0,5,0,,,"Northwest Territories, Canada",11.13486549082487,,,12406,CAN
Nova Scotia,Canada,2020-07-18 00:06:05,44.681999999999995,-63.7443,1067,63,1002,2,,,"Nova Scotia, Canada",109.1608121891807,,,12407,CAN
Novgorod Oblast,Russia,2020-07-18 00:06:05,58.2843833,32.5169757,3489,63,1840,1586,,,"Novgorod Oblast, Russia",575.2906957571281,,,64349,RUS
Novosibirsk Oblast,Russia,2020-07-18 00:06:05,54.9720169,79.48139240000002,7845,160,5868,1817,,,"Novosibirsk Oblast, Russia",281.29884407510053,,,64350,RUS
Nuble,Chile,2020-07-18 00:06:05,-36.7226,-71.7622,3095,52,2619,424,,,"Nuble, Chile",643.9746238626409,,,15213,CHL
Nuevo Leon,Mexico,2020-07-18 00:06:05,25.5922,-99.9962,11108,623,8679,1806,,,"Nuevo Leon, Mexico",197.99816511243097,,,48419,MEX
OHiggins,Chile,2020-07-18 00:06:05,-34.5755,-71.0022,9163,164,7602,1397,,,"OHiggins, Chile",1001.9080317750163,,,15214,CHL
Oaxaca,Mexico,2020-07-18 00:06:05,17.0732,-96.7266,8151,766,6936,449,,,"Oaxaca, Mexico",196.71333550375243,,,48420,MEX
Odessa Oblast,Ukraine,2020-07-18 00:06:05,46.4846,30.7326,2435,32,1081,1322,,,"Odessa Oblast, Ukraine",102.29768584569727,,,80417,UKR
Odisha,India,2020-07-18 00:06:05,20.505428,84.418059,15392,79,10877,4436,,,"Odisha, India",33.203661014263986,,,35625,IND
Oita,Japan,2020-07-18 00:06:05,33.200697,131.43323999999998,60,1,59,0,,,"Oita, Japan",5.284322998958988,,,39230,JPN
Okayama,Japan,2020-07-18 00:06:05,34.89246,133.826252,34,0,28,6,,,"Okayama, Japan",1.7993359391951464,,,39231,JPN
Okinawa,Japan,2020-07-18 00:06:05,25.768923,126.668016,152,7,141,4,,,"Okinawa, Japan",10.45990553053742,,,39232,JPN
Omsk Oblast,Russia,2020-07-18 00:06:05,56.09352629999999,73.5099936,5172,47,2972,2153,,,"Omsk Oblast, Russia",263.86664632737114,,,64351,RUS
Ontario,Canada,2020-07-18 00:06:05,51.2538,-85.3232,39095,2786,34697,1612,,,"Ontario, Canada",265.73857889981986,,,12408,CAN
Orebro,Sweden,2020-07-18 00:06:05,59.535,15.0066,2452,170,0,2282,,,"Orebro, Sweden",804.4487459195224,,,75211,SWE
Orel Oblast,Russia,2020-07-18 00:06:05,52.96854329999999,36.0692477,5240,77,3815,1348,,,"Orel Oblast, Russia",701.2406874835228,,,64352,RUS
Orenburg Oblast,Russia,2020-07-18 00:06:05,52.02692620000001,54.7276647,5352,33,4013,1306,,,"Orenburg Oblast, Russia",270.61464716946784,,,64353,RUS
Osaka,Japan,2020-07-18 00:06:05,34.620965000000005,135.507481,2245,86,1830,329,,,"Osaka, Japan",25.484248974642092,,,39233,JPN
Ostergotland,Sweden,2020-07-18 00:06:05,58.3454,15.5198,3447,239,0,3208,,,"Ostergotland, Sweden",740.5020462088744,,,75212,SWE
Overijssel,Netherlands,2020-07-18 00:06:05,52.444557999999994,6.441722,3137,311,0,2826,,,"Overijssel, Netherlands",269.8712842156699,,,52809,NLD
P.A. Bolzano,Italy,2020-07-18 00:06:05,46.49933453,11.35662422,2682,292,2289,101,,,"P.A. Bolzano, Italy",503.8341743093414,,,38041,ITA
P.A. Trento,Italy,2020-07-18 00:06:05,46.06893511,11.12123097,4881,405,4460,16,,,"P.A. Trento, Italy",901.5215600515683,,,38042,ITA
Pais Vasco,Spain,2020-07-18 00:06:05,42.9896,-2.6189,14177,1563,16160,-3546,,,"Pais Vasco, Spain",650.9541388873583,,,72418,ESP
Para,Brazil,2020-07-18 00:06:05,-1.9981,-54.9306,135164,5448,119707,10009,,,"Para, Brazil",1571.1510060892506,,,7614,BRA
Paraiba,Brazil,2020-07-18 00:06:05,-7.24,-36.782,66347,1446,23695,41206,,,"Paraiba, Brazil",1651.1922097036754,,,7615,BRA
Parana,Brazil,2020-07-18 00:06:05,-25.2521,-52.0215,51321,1292,16565,33464,,,"Parana, Brazil",448.8472363504603,,,7616,BRA
Pasco,Peru,2020-07-18 00:06:05,-10.39655,-75.307635,1430,34,0,1396,,,"Pasco, Peru",525.9286502390585,,,60419,PER
Penza Oblast,Russia,2020-07-18 00:06:05,53.1655415,44.78791810000001,5919,70,5244,605,,,"Penza Oblast, Russia",444.4844948579024,,,64354,RUS
Perm Krai,Russia,2020-07-18 00:06:05,58.5951603,56.3159546,4803,103,3808,892,,,"Perm Krai, Russia",183.1024252779703,,,64355,RUS
Pernambuco,Brazil,2020-07-18 00:06:05,-8.8137,-36.9541,77423,5869,53970,17584,,,"Pernambuco, Brazil",810.1122195283472,,,7617,BRA
Piaui,Brazil,2020-07-18 00:06:05,-7.7183,-42.7289,37057,1065,35108,884,,,"Piaui, Brazil",1132.12435312308,,,7618,BRA
Piemonte,Italy,2020-07-18 00:06:05,45.0732745,7.680687483,31530,4119,26555,856,,,"Piemonte, Italy",723.7617430514971,,,38001,ITA
Piura,Peru,2020-07-18 00:06:05,-5.133361,-80.335861,19252,867,0,18385,,,"Piura, Peru",940.0390625,,,60420,PER
Poltava Oblast,Ukraine,2020-07-18 00:06:05,49.5883,34.5514,347,13,307,27,,,"Poltava Oblast, Ukraine",24.777944630219523,,,80418,UKR
Port Quarantine,Japan,2020-07-18 00:06:05,,,444,1,219,224,,,"Port Quarantine, Japan",,,,39248,JPN
Primorsky Krai,Russia,2020-07-18 00:06:05,45.0819456,134.726645,5380,61,4054,1265,,,"Primorsky Krai, Russia",281.2282250683076,,,64356,RUS
Prince Edward Island,Canada,2020-07-18 00:06:05,46.5107,-63.4168,36,0,29,7,,,"Prince Edward Island, Canada",22.762048078503774,,,12409,CAN
Pskov Oblast,Russia,2020-07-18 00:06:05,57.5358729,28.8586826,3354,42,2156,1156,,,"Pskov Oblast, Russia",526.9061466099857,,,64357,RUS
Puducherry,India,2020-07-18 00:06:05,11.882658000000001,78.86498,1743,22,947,774,,,"Puducherry, India",123.30726642717373,,,35626,IND
Puebla,Mexico,2020-07-18 00:06:05,19.0414,-98.2063,15182,1896,12410,876,,,"Puebla, Mexico",229.87527653699,,,48421,MEX
Puglia,Italy,2020-07-18 00:06:05,41.12559576,16.86736689,4547,548,3929,70,,,"Puglia, Italy",112.85530371528992,,,38016,ITA
Punjab,India,2020-07-18 00:06:05,30.841465000000003,75.40879,9094,230,6277,2587,,,"Punjab, India",30.17115378254335,,,35627,IND
Punjab,Pakistan,2020-07-18 00:06:05,30.811346,72.13913199999998,89023,2059,64815,22149,,,"Punjab, Pakistan",80.92084711654705,,,58606,PAK
Puno,Peru,2020-07-18 00:06:05,-14.995826999999998,-69.922726,1279,42,0,1237,,,"Puno, Peru",103.31179321486267,,,60421,PER
Putumayo,Colombia,2020-07-18 00:06:05,0.436,-75.5277,150,10,13,127,,,"Putumayo, Colombia",43.08091745121804,,,17024,COL
Qinghai,China,2020-07-18 00:06:05,35.7452,95.9956,18,0,18,0,,,"Qinghai, China",0.29850746268656714,,,15621,CHN
Quebec,Canada,2020-07-18 00:06:05,52.9399,-73.5491,57142,5647,49939,1556,,,"Quebec, Canada",669.2923622991461,,,12410,CAN
Queensland,Australia,2020-07-18 00:06:05,-27.4698,153.0251,1071,6,1059,6,,,"Queensland, Australia",20.93636985631903,,,3604,AUS
Queretaro,Mexico,2020-07-18 00:06:05,20.5888,-100.3899,2741,390,2003,348,,,"Queretaro, Mexico",120.23844147116405,,,48422,MEX
Quindio,Colombia,2020-07-18 00:06:05,4.461,-75.6674,206,5,152,49,,,"Quindio, Colombia",38.15493124703651,,,17025,COL
Quintana Roo,Mexico,2020-07-18 00:06:05,19.1817,-88.4791,5627,761,3927,939,,,"Quintana Roo, Mexico",326.5324597173147,,,48423,MEX
Rajasthan,India,2020-07-18 00:06:05,26.583423,73.847973,27174,538,19970,6666,,,"Rajasthan, India",33.53461465409349,,,35628,IND
Reunion,France,2020-07-18 00:06:05,-21.1151,55.5364,614,3,472,139,,,"Reunion, France",68.57975132580073,,,638,REU
Rheinland-Pfalz,Germany,2020-07-18 00:06:05,50.1183,7.309,7278,238,6781,259,,,"Rheinland-Pfalz, Germany",178.17081876321348,,,27611,DEU
Rio Grande do Norte,Brazil,2020-07-18 00:06:05,-5.4026,-36.9541,41303,1526,3258,36519,,,"Rio Grande do Norte, Brazil",1177.7796217862567,,,7620,BRA
Rio Grande do Sul,Brazil,2020-07-18 00:06:05,-30.0346,-51.2177,46710,1166,37674,7870,,,"Rio Grande do Sul, Brazil",410.55655067103714,,,7621,BRA
Rio de Janeiro,Brazil,2020-07-18 00:06:05,-22.9068,-43.1729,135230,11919,114351,8960,,,"Rio de Janeiro, Brazil",783.263518448917,,,7619,BRA
Risaralda,Colombia,2020-07-18 00:06:05,5.3158,-75.9928,887,21,459,407,,,"Risaralda, Colombia",94.02152425108729,,,17026,COL
Rivne Oblast,Ukraine,2020-07-18 00:06:05,50.6199,26.2516,4940,84,3395,1461,,,"Rivne Oblast, Ukraine",426.85524336365387,,,80419,UKR
Rondonia,Brazil,2020-07-18 00:06:05,-11.5057,-63.5806,29117,686,17937,10494,,,"Rondonia, Brazil",1638.340671552561,,,7622,BRA
Roraima,Brazil,2020-07-18 00:06:05,-2.7376,-62.0751,25007,425,8242,16340,,,"Roraima, Brazil",4128.19577358067,,,7623,BRA
Rostov Oblast,Russia,2020-07-18 00:06:05,47.6222451,40.7957942,11214,178,8745,2291,,,"Rostov Oblast, Russia",265.70613763644275,,,64358,RUS
Ryazan Oblast,Russia,2020-07-18 00:06:05,54.42267320000001,40.57052460000001,5843,23,4946,874,,,"Ryazan Oblast, Russia",521.0107412209289,,,64359,RUS
Saarland,Germany,2020-07-18 00:06:05,49.3964,7.023,2827,174,2593,60,,,"Saarland, Germany",285.40881506377025,,,27612,DEU
Sachsen,Germany,2020-07-18 00:06:05,51.1045,13.2017,5485,225,5225,35,,,"Sachsen, Germany",134.50428488718683,,,27613,DEU
Sachsen-Anhalt,Germany,2020-07-18 00:06:05,51.9503,11.6923,1941,62,1820,59,,,"Sachsen-Anhalt, Germany",87.89483050697793,,,27614,DEU
Saga,Japan,2020-07-18 00:06:05,33.286977,130.115738,45,0,47,-2,,,"Saga, Japan",5.523431008050707,,,39234,JPN
Saint Barthelemy,France,2020-07-18 00:06:05,17.9,-62.8333,6,0,6,0,,,"Saint Barthelemy, France",60.69802731411229,,,652,BLM
Saint Petersburg,Russia,2020-07-18 00:06:05,59.9606739,30.158655100000004,28906,1728,22051,5127,,,"Saint Petersburg, Russia",540.1037194958459,,,64360,RUS
Saint Pierre and Miquelon,France,2020-07-18 00:06:05,46.8852,-56.3159,4,0,1,3,,,"Saint Pierre and Miquelon, France",69.02502157031924,,,666,SPM
Saitama,Japan,2020-07-18 00:06:05,35.997101,139.347635,1668,67,1161,440,,,"Saitama, Japan",22.69482548454745,,,39235,JPN
Sakha (Yakutiya) Republic,Russia,2020-07-18 00:06:05,66.941626,129.642371,5089,39,4623,427,,,"Sakha (Yakutiya) Republic, Russia",527.7239119388591,,,64361,RUS
Sakhalin Oblast,Russia,2020-07-18 00:06:05,49.7219665,143.448533,1687,0,572,1115,,,"Sakhalin Oblast, Russia",344.15858631811517,,,64362,RUS
Samara Oblast,Russia,2020-07-18 00:06:05,53.2128813,50.8914633,6197,73,3883,2241,,,"Samara Oblast, Russia",194.04956421045907,,,64363,RUS
San Andres y Providencia,Colombia,2020-07-18 00:06:05,12.5567,-81.7185,29,0,21,8,,,"San Andres y Providencia, Colombia",47.32375979112272,,,17027,COL
San Luis Potosi,Mexico,2020-07-18 00:06:05,22.1565,-100.9855,5199,294,4001,904,,,"San Luis Potosi, Mexico",181.39366437531706,,,48424,MEX
San Martin,Peru,2020-07-18 00:06:05,-7.039531,-76.729127,6905,189,0,6716,,,"San Martin, Peru",767.5633614939974,,,60422,PER
Santa Catarina,Brazil,2020-07-18 00:06:05,-27.2423,-50.2189,51549,646,37027,13876,,,"Santa Catarina, Brazil",719.476975452728,,,7624,BRA
Santander,Colombia,2020-07-18 00:06:05,6.6437,-73.6536,1639,32,554,1053,,,"Santander, Colombia",75.01703788429069,,,17028,COL
Sao Paulo,Brazil,2020-07-18 00:06:05,-23.5505,-46.6333,407415,19377,252699,135339,,,"Sao Paulo, Brazil",887.2461622626374,,,7625,BRA
Saratov Oblast,Russia,2020-07-18 00:06:05,51.6520555,46.86319520000001,8063,50,4620,3393,,,"Saratov Oblast, Russia",327.37164782070283,,,64364,RUS
Sardegna,Italy,2020-07-18 00:06:05,39.21531192,9.110616306,1377,134,1233,10,,,"Sardegna, Italy",83.98435951404954,,,38020,ITA
Saskatchewan,Canada,2020-07-18 00:06:05,52.9399,-106.4509,936,15,793,128,,,"Saskatchewan, Canada",79.21019983650203,,,12411,CAN
Schleswig-Holstein,Germany,2020-07-18 00:06:05,54.2194,9.6961,3251,154,3000,97,,,"Schleswig-Holstein, Germany",112.23069466346672,,,27615,DEU
Scotland,United Kingdom,2020-07-18 00:06:05,56.4907,-4.2026,18401,2491,0,15910,,,"Scotland, United Kingdom",336.81108487544157,,,82603,GBR
Sergipe,Brazil,2020-07-18 00:06:05,-10.5741,-37.3857,41888,1088,24468,16332,,,"Sergipe, Brazil",1822.2505281255112,,,7626,BRA
Sevastopol*,Ukraine,2020-07-18 00:06:05,44.6054,33.522,285,5,222,58,,,"Sevastopol*, Ukraine",64.30345817229265,,,80420,UKR
Shaanxi,China,2020-07-18 00:06:05,35.1917,108.8701,321,3,315,3,,,"Shaanxi, China",0.8307453416149069,,,15622,CHN
Shandong,China,2020-07-18 00:06:05,36.3427,118.1498,793,7,785,1,,,"Shandong, China",0.7892903354235095,,,15623,CHN
Shanghai,China,2020-07-18 00:06:05,31.202,121.4491,732,7,691,34,,,"Shanghai, China",3.01980198019802,,,15624,CHN
Shanxi,China,2020-07-18 00:06:05,37.5777,112.2922,201,0,198,3,,,"Shanxi, China",0.5406132329209252,,,15625,CHN
Shiga,Japan,2020-07-18 00:06:05,35.21582700000001,136.13806399999999,109,1,101,7,,,"Shiga, Japan",7.7089387620293035,,,39236,JPN
Shimane,Japan,2020-07-18 00:06:05,35.07076,132.55406399999998,25,0,24,1,,,"Shimane, Japan",3.7072956612777417,,,39237,JPN
Shizuoka,Japan,2020-07-18 00:06:05,34.916975,138.40778400000002,103,1,83,19,,,"Shizuoka, Japan",2.8269303817618527,,,39238,JPN
Sichuan,China,2020-07-18 00:06:05,30.6171,102.7103,599,3,590,6,,,"Sichuan, China",0.7181393118331135,,,15626,CHN
Sicilia,Italy,2020-07-18 00:06:05,38.11569725,13.362356699999998,3136,283,2695,158,,,"Sicilia, Italy",62.721367325807705,,,38019,ITA
Sikkim,India,2020-07-18 00:06:05,27.571671000000002,88.472712,243,0,88,155,,,"Sikkim, India",35.204584998790295,,,35629,IND
Sinaloa,Mexico,2020-07-18 00:06:05,25.1721,-107.4795,10859,1739,8572,548,,,"Sinaloa, Mexico",344.0013127741414,,,48425,MEX
Sindh,Pakistan,2020-07-18 00:06:05,26.009446,68.77680699999999,110068,1922,74076,34070,,,"Sindh, Pakistan",229.8539923452865,,,58607,PAK
Sint Maarten,Netherlands,2020-07-18 00:06:05,18.0425,-63.0548,79,15,63,1,,,"Sint Maarten, Netherlands",184.22648197378854,,,534,SXM
Skane,Sweden,2020-07-18 00:06:05,55.9903,13.5958,3391,258,0,3133,,,"Skane, Sweden",246.1121751859994,,,75213,SWE
Smolensk Oblast,Russia,2020-07-18 00:06:05,55.03434960000001,33.0192065,5306,84,3241,1981,,,"Smolensk Oblast, Russia",558.9099044818128,,,64365,RUS
Sonora,Mexico,2020-07-18 00:06:05,29.2972,-110.3309,13315,1235,11423,657,,,"Sonora, Mexico",433.0440410505587,,,48426,MEX
Sormland,Sweden,2020-07-18 00:06:05,59.0336,16.7519,2341,248,0,2093,,,"Sormland, Sweden",786.7849700880554,,,75214,SWE
South Australia,Australia,2020-07-18 00:06:05,-34.9285,138.6007,444,4,440,0,,,"South Australia, Australia",25.277540563620835,,,3605,AUS
St Martin,France,2020-07-18 00:06:05,18.0708,-63.0501,46,3,39,4,,,"St Martin, France",118.98910990972348,,,663,MAF
Stavropol Krai,Russia,2020-07-18 00:06:05,44.86325770000001,43.4406913,6625,126,4378,2121,,,"Stavropol Krai, Russia",236.55020184427033,,,64366,RUS
Stockholm,Sweden,2020-07-18 00:06:05,59.6025,18.1384,22600,2373,0,20227,,,"Stockholm, Sweden",950.7458938084146,,,75215,SWE
Sucre,Colombia,2020-07-18 00:06:05,8.814,-74.7233,3052,177,790,2085,,,"Sucre, Colombia",337.288628223278,,,17029,COL
Sumy Oblast,Ukraine,2020-07-18 00:06:05,50.9077,34.7981,352,6,304,42,,,"Sumy Oblast, Ukraine",32.54985583742827,,,80421,UKR
Sverdlovsk Oblast,Russia,2020-07-18 00:06:05,58.6414755,61.8021546,17285,188,11273,5824,,,"Sverdlovsk Oblast, Russia",399.62952481887777,,,64367,RUS
Tabasco,Mexico,2020-07-18 00:06:05,17.8409,-92.6189,16208,1513,13086,1609,,,"Tabasco, Mexico",630.1007624732388,,,48427,MEX
Tacna,Peru,2020-07-18 00:06:05,-17.644160999999997,-70.27756,1550,14,0,1536,,,"Tacna, Peru",417.7897574123989,,,60423,PER
Tamaulipas,Mexico,2020-07-18 00:06:05,24.2669,-98.8363,10025,649,8491,885,,,"Tamaulipas, Mexico",274.61224203569714,,,48428,MEX
Tambov Oblast,Russia,2020-07-18 00:06:05,52.9019574,41.3578918,5443,30,4160,1253,,,"Tambov Oblast, Russia",526.6304936761769,,,64368,RUS
Tamil Nadu,India,2020-07-18 00:06:05,11.006091,78.400624,156369,2236,107416,46717,,,"Tamil Nadu, India",200.8818792736249,,,35630,IND
Tarapaca,Chile,2020-07-18 00:06:05,-19.9232,-69.5132,7451,139,6660,652,,,"Tarapaca, Chile",2254.0673648799907,,,15215,CHL
Tasmania,Australia,2020-07-18 00:06:05,-42.8821,147.3272,228,13,215,0,,,"Tasmania, Australia",42.57703081232493,,,3606,AUS
Tatarstan Republic,Russia,2020-07-18 00:06:05,55.7648572,52.43104273,5157,18,4073,1066,,,"Tatarstan Republic, Russia",132.4248565333191,,,64369,RUS
Telangana,India,2020-07-18 00:06:05,18.1124,79.0193,41018,396,27295,13327,,,"Telangana, India",104.2051654341472,,,35631,IND
Ternopil Oblast,Ukraine,2020-07-18 00:06:05,49.5535,25.5948,2358,34,1504,820,,,"Ternopil Oblast, Ukraine",225.45629083287838,,,80422,UKR
Thuringen,Germany,2020-07-18 00:06:05,51.011,10.8453,3318,182,3100,36,,,"Thuringen, Germany",154.81920262044798,,,27616,DEU
Tianjin,China,2020-07-18 00:06:05,39.3054,117.323,203,3,195,5,,,"Tianjin, China",1.3012820512820513,,,15627,CHN
Tibet,China,2020-07-18 00:06:05,31.6927,88.0924,1,0,1,0,,,"Tibet, China",0.029069767441860465,,,15628,CHN
Tlaxcala,Mexico,2020-07-18 00:06:05,19.3139,-98.2404,3532,497,2774,261,,,"Tlaxcala, Mexico",255.93998888414657,,,48429,MEX
Tocantins,Brazil,2020-07-18 00:06:05,-10.1753,-48.2982,16954,283,10314,6357,,,"Tocantins, Brazil",1077.9049200631205,,,7627,BRA
Tochigi,Japan,2020-07-18 00:06:05,36.689912,139.819213,118,0,87,31,,,"Tochigi, Japan",6.101375911974726,,,39239,JPN
Tokushima,Japan,2020-07-18 00:06:05,33.919178,134.242091,10,1,4,5,,,"Tokushima, Japan",1.3736697725340223,,,39240,JPN
Tokyo,Japan,2020-07-18 00:06:05,35.711343,139.446921,8943,326,6771,1846,,,"Tokyo, Japan",64.2426298230192,,,39241,JPN
Tolima,Colombia,2020-07-18 00:06:05,4.0925,-75.1545,1669,29,674,966,,,"Tolima, Colombia",125.47108038193126,,,17030,COL
Tomsk Oblast,Russia,2020-07-18 00:06:05,58.6124279,82.04753149999998,3314,25,1836,1453,,,"Tomsk Oblast, Russia",307.3413213636532,,,64370,RUS
Toscana,Italy,2020-07-18 00:06:05,43.76923077,11.25588885,10356,1129,8909,318,,,"Toscana, Italy",277.66747523421157,,,38009,ITA
Tottori,Japan,2020-07-18 00:06:05,35.359069,133.863619,5,0,3,2,,,"Tottori, Japan",0.899996040017424,,,39242,JPN
Toyama,Japan,2020-07-18 00:06:05,36.637464,137.26934599999998,230,22,206,2,,,"Toyama, Japan",22.04116523015768,,,39243,JPN
Tripura,India,2020-07-18 00:06:05,23.746782999999997,91.743565,2283,3,1604,676,,,"Tripura, India",54.75090615987265,,,35632,IND
Tula Oblast,Russia,2020-07-18 00:06:05,53.9570701,37.3690909,7796,175,6355,1266,,,"Tula Oblast, Russia",522.5708932838647,,,64371,RUS
Tumbes,Peru,2020-07-18 00:06:05,-3.857496,-80.54525500000003,3490,129,0,3361,,,"Tumbes, Peru",1387.6739562624255,,,60424,PER
Turks and Caicos Islands,United Kingdom,2020-07-18 00:06:05,21.69400000000001,-71.7979,74,2,12,60,,,"Turks and Caicos Islands, United Kingdom",191.12557466811302,,,796,TCA
Tver Oblast,Russia,2020-07-18 00:06:05,57.1134475,35.174442799999994,4211,111,3689,411,,,"Tver Oblast, Russia",327.99194312833123,,,64372,RUS
Tyumen Oblast,Russia,2020-07-18 00:06:05,58.8206488,70.36588370000001,4451,22,2867,1562,,,"Tyumen Oblast, Russia",120.54490304409056,,,64373,RUS
Tyva Republic,Russia,2020-07-18 00:06:05,51.4017149,93.8582593,5614,45,2599,2970,,,"Tyva Republic, Russia",1744.984800542083,,,64374,RUS
Ucayali,Peru,2020-07-18 00:06:05,-9.621718,-73.444929,9049,175,0,8874,,,"Ucayali, Peru",1536.071974197929,,,60425,PER
Udmurt Republic,Russia,2020-07-18 00:06:05,57.1961165,52.69598320000001,1966,19,1420,527,,,"Udmurt Republic, Russia",129.93673680342408,,,64375,RUS
Ulyanovsk Oblast,Russia,2020-07-18 00:06:05,54.1463177,47.2324921,7596,59,4835,2702,,,"Ulyanovsk Oblast, Russia",609.3285994586954,,,64376,RUS
Umbria,Italy,2020-07-18 00:06:05,43.10675841,12.38824698,1454,80,1362,12,,,"Umbria, Italy",164.84980414165292,,,38010,ITA
Unknown,Chile,2020-07-18 00:06:05,,,72,1,72,-1,,,"Unknown, Chile",,,,15217,CHL
Unknown,Germany,2020-07-18 00:06:05,,,1026,0,526,500,,,"Unknown, Germany",,,,27617,DEU
Unknown,India,2020-07-18 00:06:05,,,531,0,0,531,,,"Unknown, India",,,,35636,IND
Unknown,Japan,2020-07-18 00:06:05,,,8,0,8,0,,,"Unknown, Japan",,,,39249,JPN
Unknown,Netherlands,2020-07-18 00:06:05,,,488,18,0,470,,,"Unknown, Netherlands",,,,52813,NLD
Unknown,Peru,2020-07-18 00:06:05,,,0,0,233982,-233982,,,"Unknown, Peru",,,,60426,PER
Unknown,Spain,2020-07-18 00:06:05,,,0,0,0,0,,,"Unknown, Spain",,,,72420,ESP
Unknown,United Kingdom,2020-07-18 00:06:05,,,0,0,0,0,,,"Unknown, United Kingdom",,,,82605,GBR
Uppsala,Sweden,2020-07-18 00:06:05,60.0092,17.2715,3501,238,0,3263,,,"Uppsala, Sweden",912.4006744624237,,,75216,SWE
Utrecht,Netherlands,2020-07-18 00:06:05,52.084251,5.163824,4137,429,0,3708,,,"Utrecht, Netherlands",305.35106145845174,,,52810,NLD
Uttar Pradesh,India,2020-07-18 00:06:05,26.925425,80.560982,43441,1046,26675,15720,,,"Uttar Pradesh, India",18.2615194104574,,,35633,IND
Uttarakhand,India,2020-07-18 00:06:05,30.156446999999996,79.197608,3982,50,2995,937,,,"Uttarakhand, India",35.39285626038476,,,35634,IND
Valle d'Aosta,Italy,2020-07-18 00:06:05,45.73750286,7.320149366,1196,146,1048,2,,,"Valle d'Aosta, Italy",951.7291868922382,,,38002,ITA
Valle del Cauca,Colombia,2020-07-18 00:06:05,3.8009,-76.6413,16112,625,7835,7652,,,"Valle del Cauca, Colombia",359.97342202191925,,,17031,COL
Valparaiso,Chile,2020-07-18 00:06:05,-33.0472,-71.6127,15261,407,13260,1594,,,"Valparaiso, Chile",840.4087885800004,,,15216,CHL
Varmland,Sweden,2020-07-18 00:06:05,59.7294,13.2354,1007,71,0,936,,,"Varmland, Sweden",356.56872534647715,,,75217,SWE
Vasterbotten,Sweden,2020-07-18 00:06:05,65.3337,16.5162,830,31,0,799,,,"Vasterbotten, Sweden",305.44351870933554,,,75218,SWE
Vasternorrland,Sweden,2020-07-18 00:06:05,63.4276,17.7292,1643,122,0,1521,,,"Vasternorrland, Sweden",669.6637823164742,,,75219,SWE
Vastmanland,Sweden,2020-07-18 00:06:05,59.6714,16.2159,2556,175,0,2381,,,"Vastmanland, Sweden",926.6073338287806,,,75220,SWE
Vastra Gotaland,Sweden,2020-07-18 00:06:05,58.2528,13.0596,17232,809,0,16423,,,"Vastra Gotaland, Sweden",998.4465904659708,,,75221,SWE
Vaupes,Colombia,2020-07-18 00:06:05,0.8554,-70.812,61,1,26,34,,,"Vaupes, Colombia",149.52079809789936,,,17032,COL
Veneto,Italy,2020-07-18 00:06:05,45.43490485,12.33845213,19525,2047,16976,502,,,"Veneto, Italy",397.9939068712603,,,38005,ITA
Veracruz,Mexico,2020-07-18 00:06:05,19.1738,-96.1342,15376,2101,11747,1528,,,"Veracruz, Mexico",180.04974787648794,,,48430,MEX
Vichada,Colombia,2020-07-18 00:06:05,4.4234,-69.2878,1,0,1,0,,,"Vichada, Colombia",0.9275749480558029,,,17033,COL
Victoria,Australia,2020-07-18 00:06:05,-37.8136,144.9631,5165,32,2669,2464,,,"Victoria, Australia",77.90464411227921,,,3607,AUS
Vinnytsia Oblast,Ukraine,2020-07-18 00:06:05,49.2331,28.4682,2253,38,1711,504,,,"Vinnytsia Oblast, Ukraine",144.38661004848777,,,80423,UKR
Vladimir Oblast,Russia,2020-07-18 00:06:05,56.0503336,40.6561633,5133,103,4354,676,,,"Vladimir Oblast, Russia",372.40529710803673,,,64377,RUS
Volgograd Oblast,Russia,2020-07-18 00:06:05,49.6048339,44.29035820000001,7879,52,4548,3279,,,"Volgograd Oblast, Russia",312.50049578070787,,,64378,RUS
Vologda Oblast,Russia,2020-07-18 00:06:05,60.0391461,43.1215213,2032,19,1577,436,,,"Vologda Oblast, Russia",172.68794048384916,,,64379,RUS
Volyn Oblast,Ukraine,2020-07-18 00:06:05,50.7472,25.3254,3188,74,2000,1114,,,"Volyn Oblast, Ukraine",307.9211459148291,,,80424,UKR
Voronezh Oblast,Russia,2020-07-18 00:06:05,50.9800393,40.15065070000001,9852,75,7283,2494,,,"Voronezh Oblast, Russia",422.149930927153,,,64380,RUS
Wakayama,Japan,2020-07-18 00:06:05,33.911879,135.505446,87,3,66,18,,,"Wakayama, Japan",9.406086711145564,,,39244,JPN
Wales,United Kingdom,2020-07-18 00:06:05,52.1307,-3.7837,16887,1546,0,15341,,,"Wales, United Kingdom",538.0424393041484,,,82604,GBR
West Bengal,India,2020-07-18 00:06:05,23.814082,87.979803,36117,1023,21415,13679,,,"West Bengal, India",36.25866150273133,,,35635,IND
Western Australia,Australia,2020-07-18 00:06:05,-31.9505,115.8605,648,9,613,26,,,"Western Australia, Australia",24.633163536835703,,,3608,AUS
Xinjiang,China,2020-07-18 00:06:05,41.1129,85.2401,77,3,73,1,,,"Xinjiang, China",0.3096099718536389,,,15629,CHN
Yamagata,Japan,2020-07-18 00:06:05,38.448396,140.102154,75,1,70,4,,,"Yamagata, Japan",6.959484664079595,,,39245,JPN
Yamaguchi,Japan,2020-07-18 00:06:05,34.201190000000004,131.573293,41,0,37,4,,,"Yamaguchi, Japan",3.0183989822842068,,,39246,JPN
Yamalo-Nenets Autonomous Okrug,Russia,2020-07-18 00:06:05,67.1471631,74.3415488,8965,59,3978,4928,,,"Yamalo-Nenets Autonomous Okrug, Russia",1664.664365412861,,,64381,RUS
Yamanashi,Japan,2020-07-18 00:06:05,35.612364,138.61148899999998,77,1,74,2,,,"Yamanashi, Japan",9.494966434677098,,,39247,JPN
Yaroslavl Oblast,Russia,2020-07-18 00:06:05,57.77819760000001,39.0021095,5476,22,4733,721,,,"Yaroslavl Oblast, Russia",432.65143590343246,,,64382,RUS
Yucatan,Mexico,2020-07-18 00:06:05,20.7099,-89.0943,6872,658,4913,1301,,,"Yucatan, Mexico",304.19220414519424,,,48431,MEX
Yukon,Canada,2020-07-18 00:06:05,64.2823,-135.0,13,0,11,2,,,"Yukon, Canada",31.647110375383416,,,12412,CAN
Yunnan,China,2020-07-18 00:06:05,24.974,101.487,188,2,183,3,,,"Yunnan, China",0.38923395445134573,,,15630,CHN
Zabaykalsky Krai,Russia,2020-07-18 00:06:05,52.248521,115.956325,3835,47,2996,792,,,"Zabaykalsky Krai, Russia",357.47376506097095,,,64383,RUS
Zacatecas,Mexico,2020-07-18 00:06:05,22.7709,-102.5832,1582,152,1092,338,,,"Zacatecas, Mexico",94.93370842749692,,,48432,MEX
Zakarpattia Oblast,Ukraine,2020-07-18 00:06:05,48.6208,22.2879,4229,145,1499,2585,,,"Zakarpattia Oblast, Ukraine",336.4889616661972,,,80425,UKR
Zaporizhia Oblast,Ukraine,2020-07-18 00:06:05,47.8388,35.1396,658,20,535,103,,,"Zaporizhia Oblast, Ukraine",38.57346192717237,,,80426,UKR
Zeeland,Netherlands,2020-07-18 00:06:05,51.47936,3.8615589999999997,771,69,0,702,,,"Zeeland, Netherlands",201.04931575433912,,,52811,NLD
Zhejiang,China,2020-07-18 00:06:05,29.1832,120.0934,1270,1,1267,2,,,"Zhejiang, China",2.2137005403521006,,,15631,CHN
Zhytomyr Oblast,Ukraine,2020-07-18 00:06:05,50.2547,28.6587,1580,34,1234,312,,,"Zhytomyr Oblast, Ukraine",129.48771218979292,,,80427,UKR
Zuid-Holland,Netherlands,2020-07-18 00:06:05,51.937835,4.462114,11786,1305,0,10481,,,"Zuid-Holland, Netherlands",317.793639597314,,,52812,NLD
,Afghanistan,2020-07-18 00:06:05,33.93911,67.709953,35229,1147,23151,10931,,,Afghanistan,90.49704943758071,,,4,AFG
,Albania,2020-07-18 00:06:05,41.1533,20.1683,3906,107,2214,1585,,,Albania,135.72868163180206,,,8,ALB
,Algeria,2020-07-18 00:06:05,28.0339,1.6596,21948,1057,15430,5461,,,Algeria,50.051261038420456,,,12,DZA
,Andorra,2020-07-18 00:06:05,42.5063,1.5218,880,52,803,25,,,Andorra,1138.93742315408,,,20,AND
,Angola,2020-07-18 00:06:05,-11.2027,17.8739,638,29,199,410,,,Angola,1.941200016990064,,,24,AGO
,Antigua and Barbuda,2020-07-18 00:06:05,17.0608,-61.7964,76,3,57,16,,,Antigua and Barbuda,77.60803855894126,,,28,ATG
,Argentina,2020-07-18 00:06:05,-38.4161,-63.6167,119301,2178,49780,67343,,,Argentina,263.9649275196663,,,32,ARG
,Armenia,2020-07-18 00:06:05,40.0691,45.0382,34001,620,22492,10889,,,Armenia,1147.4287889515306,,,51,ARM
,Austria,2020-07-18 00:06:05,47.5162,14.5501,19439,711,17335,1393,,,Austria,215.83540593355835,,,40,AUT
,Azerbaijan,2020-07-18 00:06:05,40.1431,47.5769,26636,341,17805,8490,,,Azerbaijan,262.70381959084443,,,31,AZE
,Bahamas,2020-07-18 00:06:05,25.025885,-78.035889,129,11,91,27,,,Bahamas,32.80372691024493,,,44,BHS
,Bahrain,2020-07-18 00:06:05,26.0275,50.55,35473,124,31188,4161,,,Bahrain,2084.7058298067154,,,48,BHR
,Bangladesh,2020-07-18 00:06:05,23.685,90.3563,199357,2547,108725,88085,,,Bangladesh,121.0503047424739,,,50,BGD
,Barbados,2020-07-18 00:06:05,13.1939,-59.5432,104,7,91,6,,,Barbados,36.190151407066125,,,52,BRB
,Belarus,2020-07-18 00:06:05,53.7098,27.9534,65782,491,57370,7921,,,Belarus,696.1558401921154,,,112,BLR
,Belgium,2020-07-18 00:06:05,50.8333,4.469936,63238,9795,17269,36174,,,Belgium,545.6436175279664,,,56,BEL
,Belize,2020-07-18 00:06:05,17.1899,-88.4976,40,2,22,16,,,Belize,10.05983084394436,,,84,BLZ
,Benin,2020-07-18 00:06:05,9.3077,2.3158,1602,31,782,789,,,Benin,13.214335029420456,,,204,BEN
,Bhutan,2020-07-18 00:06:05,27.5142,90.4336,86,0,78,8,,,Bhutan,11.145497996402337,,,64,BTN
,Bolivia,2020-07-18 00:06:05,-16.2902,-63.5887,54156,1984,16979,35193,,,Bolivia,463.9412786518392,,,68,BOL
,Bosnia and Herzegovina,2020-07-18 00:06:05,43.9159,17.6791,7908,245,3612,4051,,,Bosnia and Herzegovina,241.0376689938323,,,70,BIH
,Botswana,2020-07-18 00:06:05,-22.3285,24.6849,522,1,48,473,,,Botswana,22.19741667995535,,,72,BWA
,Brunei,2020-07-18 00:06:05,4.5353,114.7277,141,3,138,0,,,Brunei,32.2298237874386,,,96,BRN
,Bulgaria,2020-07-18 00:06:05,42.7339,25.4858,8442,297,4033,4112,,,Bulgaria,121.49480927027558,,,100,BGR
,Burkina Faso,2020-07-18 00:06:05,12.2383,-1.5616,1045,53,887,105,,,Burkina Faso,4.999215912451626,,,854,BFA
,Burma,2020-07-18 00:06:05,21.9162,95.956,339,6,271,62,,,Burma,0.6230495928729302,,,104,MMR
,Burundi,2020-07-18 00:06:05,-3.3731,29.9189,310,1,207,102,,,Burundi,2.6070617228590787,,,108,BDI
,Cabo Verde,2020-07-18 00:06:05,16.5388,-23.0418,1939,19,902,1018,,,Cabo Verde,348.7485341410246,,,132,CPV
,Cambodia,2020-07-18 00:06:05,11.55,104.9167,171,0,133,38,,,Cambodia,1.0227902183693003,,,116,KHM
,Cameroon,2020-07-18 00:06:05,3.8480000000000003,11.5021,16157,373,13728,2056,,,Cameroon,60.86447214526527,,,120,CMR
,Central African Republic,2020-07-18 00:06:05,6.6111,20.9394,4389,53,1288,3048,,,Central African Republic,90.87400543794686,,,140,CAF
,Chad,2020-07-18 00:06:05,15.4542,18.7322,887,75,800,12,,,Chad,5.400022001893478,,,148,TCD
,Comoros,2020-07-18 00:06:05,-11.6455,43.3333,328,7,311,10,,,Comoros,37.718708134246405,,,174,COM
,Congo (Brazzaville),2020-07-18 00:06:05,-0.228,15.8277,2633,49,626,1958,,,Congo (Brazzaville),47.71576842140363,,,178,COG
,Congo (Kinshasa),2020-07-18 00:06:05,-4.0383,21.7587,8249,193,4248,3808,,,Congo (Kinshasa),9.210440693850668,,,180,COD
,Costa Rica,2020-07-18 00:06:05,9.7489,-83.7534,9969,47,2818,7104,,,Costa Rica,195.69644495588437,,,188,CRI
,Cote d'Ivoire,2020-07-18 00:06:05,7.54,-5.5471,13696,87,7607,6002,,,Cote d'Ivoire,51.921514958806064,,,384,CIV
,Croatia,2020-07-18 00:06:05,45.1,15.2,4137,120,2825,1192,,,Croatia,100.77295806266486,,,191,HRV
,Cuba,2020-07-18 00:06:05,21.521757,-77.78116700000002,2444,87,2300,57,,,Cuba,21.577494990560286,,,192,CUB
,Cyprus,2020-07-18 00:06:05,35.1264,33.4299,1033,19,845,169,,,Cyprus,85.55850321486282,,,196,CYP
,Czechia,2020-07-18 00:06:05,49.8175,15.472999999999999,13742,358,8725,4659,,,Czechia,128.32218786062018,,,203,CZE
,Denmark,2020-07-18 00:06:05,56.2639,9.5018,13173,611,12209,353,,,Denmark,227.42642134607507,,,208,DNK
,Diamond Princess,2020-07-18 00:06:05,,,712,13,651,48,,,Diamond Princess,,,,9999,
,Djibouti,2020-07-18 00:06:05,11.8251,42.5903,5003,56,4809,138,,,Djibouti,506.3754931670179,,,262,DJI
,Dominica,2020-07-18 00:06:05,15.415,-61.371,18,0,18,0,,,Dominica,25.003125390673834,,,212,DMA
,Dominican Republic,2020-07-18 00:06:05,18.7357,-70.1627,50113,942,24423,24748,,,Dominican Republic,461.96020908739604,,,214,DOM
,Ecuador,2020-07-18 00:06:05,-1.8312,-78.1834,72444,5250,31404,35790,,,Ecuador,410.6090440093725,,,218,ECU
,Egypt,2020-07-18 00:06:05,26.820553000000004,30.802497999999996,86474,4188,27302,54984,,,Egypt,84.50139685673449,,,818,EGY
,El Salvador,2020-07-18 00:06:05,13.7942,-88.8965,11207,309,6422,4476,,,El Salvador,172.7821879093787,,,222,SLV
,Equatorial Guinea,2020-07-18 00:06:05,1.6508,10.2679,3071,51,842,2178,,,Equatorial Guinea,218.89043717502327,,,226,GNQ
,Eritrea,2020-07-18 00:06:05,15.1794,39.7823,251,0,155,96,,,Eritrea,7.077545935669901,,,232,ERI
,Estonia,2020-07-18 00:06:05,58.5953,25.0136,2020,69,1910,41,,,Estonia,152.27596022431305,,,233,EST
,Eswatini,2020-07-18 00:06:05,-26.5225,31.4659,1619,21,769,829,,,Eswatini,139.54923614247642,,,748,SWZ
,Ethiopia,2020-07-18 00:06:05,9.145,40.4897,8803,150,2430,6223,,,Ethiopia,7.657207413237981,,,231,ETH
,Fiji,2020-07-18 00:06:05,-17.7134,178.065,26,0,18,8,,,Fiji,2.900348488026023,,,242,FJI
,Finland,2020-07-18 00:06:05,61.92411,25.748151,7301,328,6880,93,,,Finland,131.76992584715555,,,246,FIN
,France,2020-07-18 00:06:05,46.2276,2.2137,201448,30049,71979,99420,,,France,308.62135930421516,,,250,FRA
,Gabon,2020-07-18 00:06:05,-0.8037,11.6094,6315,46,3865,2404,,,Gabon,283.72739166690627,,,266,GAB
,Gambia,2020-07-18 00:06:05,13.4432,-15.3101,78,3,34,41,,,Gambia,3.2275897683749166,,,270,GMB
,Georgia,2020-07-18 00:06:05,42.3154,43.3569,1010,15,885,110,,,Georgia,25.318518239986965,,,268,GEO
,Ghana,2020-07-18 00:06:05,7.9465,-1.0232,26572,144,22915,3513,,,Ghana,85.5149069391395,,,288,GHA
,Greece,2020-07-18 00:06:05,39.0742,21.8243,3964,194,1374,2396,,,Greece,38.03107265278053,,,300,GRC
,Grenada,2020-07-18 00:06:05,12.1165,-61.678999999999995,23,0,23,0,,,Grenada,20.44099218798603,,,308,GRD
,Guatemala,2020-07-18 00:06:05,15.7835,-90.2308,33809,1443,4989,27377,,,Guatemala,188.71297793700865,,,320,GTM
,Guinea,2020-07-18 00:06:05,9.9456,-9.6966,6430,39,5233,1158,,,Guinea,48.96140896771989,,,324,GIN
,Guinea-Bissau,2020-07-18 00:06:05,11.8037,-15.1804,1927,26,773,1128,,,Guinea-Bissau,97.91676617557538,,,624,GNB
,Guyana,2020-07-18 00:06:05,4.860416000000002,-58.93018000000001,320,19,156,145,,,Guyana,40.68353422947293,,,328,GUY
,Haiti,2020-07-18 00:06:05,18.9712,-72.2852,6948,145,3606,3197,,,Haiti,60.93382935177649,,,332,HTI
,Holy See,2020-07-18 00:06:05,41.9029,12.4534,12,0,12,0,,,Holy See,1483.3127317676144,,,336,VAT
,Honduras,2020-07-18 00:06:05,15.2,-86.2419,30867,835,3420,26612,,,Honduras,311.6428232192531,,,340,HND
,Hungary,2020-07-18 00:06:05,47.1625,19.5033,4293,595,3220,478,,,Hungary,44.43938366622327,,,348,HUN
,Iceland,2020-07-18 00:06:05,64.9631,-19.0208,1916,10,1895,11,,,Iceland,561.4652014652015,,,352,ISL
,Indonesia,2020-07-18 00:06:05,-0.7893,113.9213,83130,3957,41834,37339,,,Indonesia,30.3922563236321,,,360,IDN
,Iran,2020-07-18 00:06:05,32.427908,53.68804599999999,269440,13791,232873,22776,,,Iran,320.78881665227317,,,364,IRN
,Iraq,2020-07-18 00:06:05,33.223191,43.679291,88171,3616,56495,28060,,,Iraq,219.20813829015066,,,368,IRQ
,Ireland,2020-07-18 00:06:05,53.1424,-7.6921,25730,1752,23364,614,,,Ireland,521.0826854734379,,,372,IRL
,Israel,2020-07-18 00:06:05,31.046051000000002,34.851612,47459,392,20744,26323,,,Israel,548.3077256522729,,,376,ISR
,Jamaica,2020-07-18 00:06:05,18.1096,-77.2975,765,10,647,108,,,Jamaica,25.834461550722843,,,388,JAM
,Jordan,2020-07-18 00:06:05,31.24,36.51,1209,10,1021,178,,,Jordan,11.849293452799824,,,400,JOR
,Kazakhstan,2020-07-18 00:06:05,48.0196,66.9237,66895,375,40256,26264,,,Kazakhstan,356.2658777175359,,,398,KAZ
,Kenya,2020-07-18 00:06:05,-0.0236,37.9062,12062,222,3983,7857,,,Kenya,22.43204088426354,,,404,KEN
,"Korea, South",2020-07-18 00:06:05,35.90775700000001,127.766922,13672,293,12460,919,,,"Korea, South",26.667091613299164,,,410,KOR
,Kosovo,2020-07-18 00:06:05,42.602636,20.902977,5472,124,2640,2708,,,Kosovo,302.2593221481181,,,383,XKS
,Kuwait,2020-07-18 00:06:05,29.311659999999996,47.481766,58221,404,48381,9436,,,Kuwait,1363.3097088135687,,,414,KWT
,Kyrgyzstan,2020-07-18 00:06:05,41.20438,74.766098,13101,173,3821,9107,,,Kyrgyzstan,200.8065061246674,,,417,KGZ
,Laos,2020-07-18 00:06:05,19.856270000000002,102.495496,19,0,19,0,,,Laos,0.261148426319583,,,418,LAO
,Latvia,2020-07-18 00:06:05,56.8796,24.6032,1185,31,1022,132,,,Latvia,62.82466034920968,,,428,LVA
,Lebanon,2020-07-18 00:06:05,33.8547,35.8623,2700,40,1485,1175,,,Lebanon,39.55787771693027,,,422,LBN
,Lesotho,2020-07-18 00:06:05,-29.609988,28.233608,311,6,69,236,,,Lesotho,14.51743305642847,,,426,LSO
,Liberia,2020-07-18 00:06:05,6.4280550000000005,-9.429499,1085,69,496,520,,,Liberia,21.452536411479024,,,430,LBR
,Libya,2020-07-18 00:06:05,26.3351,17.228331,1704,47,380,1277,,,Libya,24.798847726779567,,,434,LBY
,Liechtenstein,2020-07-18 00:06:05,47.14,9.55,85,1,81,3,,,Liechtenstein,222.8806670687259,,,438,LIE
,Lithuania,2020-07-18 00:06:05,55.1694,23.8813,1908,79,1595,234,,,Lithuania,70.08802512295709,,,440,LTU
,Luxembourg,2020-07-18 00:06:05,49.8153,6.1296,5409,111,4333,965,,,Luxembourg,864.0906360627245,,,442,LUX
,MS Zaandam,2020-07-18 00:06:05,,,9,2,0,7,,,MS Zaandam,,,,8888,
,Madagascar,2020-07-18 00:06:05,-18.766947000000002,46.869107,6467,54,3108,3305,,,Madagascar,23.35414236651963,,,450,MDG
,Malawi,2020-07-18 00:06:05,-13.254307999999998,34.301525,2805,55,1107,1643,,,Malawi,14.66286773805793,,,454,MWI
,Malaysia,2020-07-18 00:06:05,4.210483999999999,101.97576600000001,8755,122,8541,92,,,Malaysia,27.049992402520694,,,458,MYS
,Maldives,2020-07-18 00:06:05,3.2028,73.2207,2913,15,2340,558,,,Maldives,538.9035449604286,,,462,MDV
,Mali,2020-07-18 00:06:05,17.570692,-3.996166000000001,2467,121,1791,555,,,Mali,12.182214322629873,,,466,MLI
,Malta,2020-07-18 00:06:05,35.9375,14.3754,674,9,662,3,,,Malta,152.64789746772087,,,470,MLT
,Mauritania,2020-07-18 00:06:05,21.0079,-10.9408,5710,151,3153,2406,,,Mauritania,122.80467819152368,,,478,MRT
,Mauritius,2020-07-18 00:06:05,-20.348404000000002,57.552152,343,10,331,2,,,Mauritius,26.97034912841739,,,480,MUS
,Moldova,2020-07-18 00:06:05,47.4116,28.3699,20494,675,13913,5906,,,Moldova,508.0363900214256,,,498,MDA
,Monaco,2020-07-18 00:06:05,43.7333,7.4167,109,4,98,7,,,Monaco,277.74946488635203,,,492,MCO
,Mongolia,2020-07-18 00:06:05,46.8625,103.8467,262,0,211,51,,,Mongolia,7.991966548434368,,,496,MNG
,Montenegro,2020-07-18 00:06:05,42.708678000000006,19.37439,1965,26,357,1582,,,Montenegro,312.8672010088176,,,499,MNE
,Morocco,2020-07-18 00:06:05,31.7917,-7.0926,16726,264,14360,2102,,,Morocco,45.31494755511417,,,504,MAR
,Mozambique,2020-07-18 00:06:05,-18.665695,35.529562,1402,9,397,996,,,Mozambique,4.485619860993776,,,508,MOZ
,Namibia,2020-07-18 00:06:05,-22.9576,18.4904,1078,2,32,1044,,,Namibia,42.4256449249011,,,516,NAM
,Nepal,2020-07-18 00:06:05,28.1667,84.25,17445,40,11534,5871,,,Nepal,59.87272181633623,,,524,NPL
,New Zealand,2020-07-18 00:06:05,-40.9006,174.886,1549,22,1506,21,,,New Zealand,32.122048022150736,,,554,NZL
,Nicaragua,2020-07-18 00:06:05,12.865416,-85.207229,3147,99,2282,766,,,Nicaragua,47.505084870619214,,,558,NIC
,Niger,2020-07-18 00:06:05,17.607789,8.081666,1102,69,1013,20,,,Niger,4.552470653088682,,,562,NER
,Nigeria,2020-07-18 00:06:05,9.082,8.6753,35454,772,14633,20049,,,Nigeria,17.199025435129062,,,566,NGA
,North Macedonia,2020-07-18 00:06:05,41.6086,21.7453,8786,406,4676,3704,,,North Macedonia,421.7185535044015,,,807,MKD
,Norway,2020-07-18 00:06:05,60.472,8.4689,9025,255,8138,632,,,Norway,166.47476722123824,,,578,NOR
,Oman,2020-07-18 00:06:05,21.512583,55.92325500000001,64193,298,41450,22445,,,Oman,1257.0540760604565,,,512,OMN
,Panama,2020-07-18 00:06:05,8.538,-80.7821,51408,1038,26520,23850,,,Panama,1191.442969819003,,,591,PAN
,Papua New Guinea,2020-07-18 00:06:05,-6.314993,143.95555,15,0,8,7,,,Papua New Guinea,0.16765345628218178,,,598,PNG
,Paraguay,2020-07-18 00:06:05,-23.4425,-58.4438,3457,28,1481,1948,,,Paraguay,48.46807514304181,,,600,PRY
,Philippines,2020-07-18 00:06:05,12.879721,121.77401699999999,63001,1660,21748,39593,,,Philippines,57.49258642584165,,,608,PHL
,Poland,2020-07-18 00:06:05,51.9194,19.1451,39407,1612,29505,8290,,,Poland,104.12294577016881,,,616,POL
,Portugal,2020-07-18 00:06:05,39.3999,-8.2245,48077,1682,32790,13605,,,Portugal,471.4953562949293,,,620,PRT
,Qatar,2020-07-18 00:06:05,25.3548,51.1839,105898,153,102597,3148,,,Qatar,3675.661041422254,,,634,QAT
,Romania,2020-07-18 00:06:05,45.9432,24.9668,35802,1988,22312,11502,,,Romania,186.10350249058072,,,642,ROU
,Rwanda,2020-07-18 00:06:05,-1.9403,29.8739,1485,4,811,670,,,Rwanda,11.465225738713759,,,646,RWA
,Saint Kitts and Nevis,2020-07-18 00:06:05,17.357822,-62.782998,17,0,15,2,,,Saint Kitts and Nevis,31.959693186945405,,,659,KNA
,Saint Lucia,2020-07-18 00:06:05,13.9094,-60.9789,23,0,19,4,,,Saint Lucia,12.525254725560778,,,662,LCA
,Saint Vincent and the Grenadines,2020-07-18 00:06:05,12.9843,-61.2872,35,0,29,6,,,Saint Vincent and the Grenadines,31.54659431981036,,,670,VCT
,San Marino,2020-07-18 00:06:05,43.9424,12.4578,699,42,656,1,,,San Marino,2059.6381637102954,,,674,SMR
,Sao Tome and Principe,2020-07-18 00:06:05,0.18636,6.613081,741,14,325,402,,,Sao Tome and Principe,338.1076012611733,,,678,STP
,Saudi Arabia,2020-07-18 00:06:05,23.885942,45.079162,245851,2407,191161,52283,,,Saudi Arabia,706.1869915226596,,,682,SAU
,Senegal,2020-07-18 00:06:05,14.4974,-14.4524,8544,160,5809,2575,,,Senegal,51.02744696137645,,,686,SEN
,Serbia,2020-07-18 00:06:05,44.0165,21.0059,20109,452,14799,4858,,,Serbia,230.14934700029872,,,688,SRB
,Seychelles,2020-07-18 00:06:05,-4.6796,55.492,108,0,27,81,,,Seychelles,109.82306284319706,,,690,SYC
,Sierra Leone,2020-07-18 00:06:05,8.460555000000001,-11.779889,1688,65,1219,404,,,Sierra Leone,21.160877198590697,,,694,SLE
,Singapore,2020-07-18 00:06:05,1.2833,103.8333,47453,27,43577,3849,,,Singapore,811.1148354891328,,,702,SGP
,Slovakia,2020-07-18 00:06:05,48.669,19.699,1965,28,1523,414,,,Slovakia,35.99136427052098,,,703,SVK
,Slovenia,2020-07-18 00:06:05,46.1512,14.9955,1916,111,1522,283,,,Slovenia,92.16270662051477,,,705,SVN
,Somalia,2020-07-18 00:06:05,5.152149,46.199616,3106,93,1444,1569,,,Somalia,19.54292582264172,,,706,SOM
,South Africa,2020-07-18 00:06:05,-30.5595,22.9375,337594,4804,178183,154607,,,South Africa,569.2150678087814,,,710,ZAF
,South Sudan,2020-07-18 00:06:05,6.8770000000000024,31.307,2191,43,1175,973,,,South Sudan,19.57345938962789,,,728,SSD
,Sri Lanka,2020-07-18 00:06:05,7.873054,80.77179699999998,2697,11,2012,674,,,Sri Lanka,12.59500542888165,,,144,LKA
,Sudan,2020-07-18 00:06:05,12.8628,30.2176,10527,668,5601,4258,,,Sudan,24.007241717074006,,,729,SDN
,Suriname,2020-07-18 00:06:05,3.9193,-56.0278,943,19,600,324,,,Suriname,160.7475870815534,,,740,SUR
,Switzerland,2020-07-18 00:06:05,46.8182,8.2275,33382,1969,29900,1513,,,Switzerland,385.71315337083627,,,756,CHE
,Syria,2020-07-18 00:06:05,34.802075,38.99681500000001,496,25,144,327,,,Syria,2.8341793110967206,,,760,SYR
,Taiwan*,2020-07-18 00:06:05,23.7,121.0,451,7,440,4,,,Taiwan*,1.893623297024891,,,158,TWN
,Tajikistan,2020-07-18 00:06:05,38.861034000000004,71.276093,6786,56,5483,1247,,,Tajikistan,71.14966152011158,,,762,TJK
,Tanzania,2020-07-18 00:06:05,-6.369028,34.888822,509,21,183,305,,,Tanzania,0.852107987092757,,,834,TZA
,Thailand,2020-07-18 00:06:05,15.870032,100.992541,3239,58,3096,85,,,Thailand,4.640402608722885,,,764,THA
,Timor-Leste,2020-07-18 00:06:05,-8.874217,125.727539,24,0,24,0,,,Timor-Leste,1.820330359621432,,,626,TLS
,Togo,2020-07-18 00:06:05,8.6195,0.8248,766,15,546,205,,,Togo,9.252619089119511,,,768,TGO
,Trinidad and Tobago,2020-07-18 00:06:05,10.6918,-61.2225,136,8,124,4,,,Trinidad and Tobago,9.717818835562358,,,780,TTO
,Tunisia,2020-07-18 00:06:05,33.886917,9.537499,1336,50,1095,191,,,Tunisia,11.304198172747439,,,788,TUN
,Turkey,2020-07-18 00:06:05,38.9637,35.2433,217799,5458,199834,12507,,,Turkey,258.24212639203137,,,792,TUR
,Uganda,2020-07-18 00:06:05,1.373333,32.290275,1056,0,1023,33,,,Uganda,2.308650882140749,,,800,UGA
,United Arab Emirates,2020-07-18 00:06:05,23.424076,53.847818000000004,56422,337,48448,7637,,,United Arab Emirates,570.4723772547117,,,784,ARE
,Uruguay,2020-07-18 00:06:05,-32.5228,-55.7658,1037,32,917,88,,,Uruguay,29.85266257250498,,,858,URY
,Uzbekistan,2020-07-18 00:06:05,41.377491,64.585262,15607,79,9003,6525,,,Uzbekistan,46.630933713113365,,,860,UZB
,Venezuela,2020-07-18 00:06:05,6.4238,-66.5897,10854,104,3255,7495,,,Venezuela,38.1700019584369,,,862,VEN
,Vietnam,2020-07-18 00:06:05,14.058323999999999,108.277199,382,0,356,26,,,Vietnam,0.39244458695274,,,704,VNM
,West Bank and Gaza,2020-07-18 00:06:05,31.9522,35.2332,7764,53,1492,6219,,,West Bank and Gaza,152.19303816822622,,,275,PSE
,Western Sahara,2020-07-18 00:06:05,24.2155,-12.8858,10,1,8,1,,,Western Sahara,1.674116485025028,,,732,ESH
,Yemen,2020-07-18 00:06:05,15.552726999999999,48.516388,1576,440,695,441,,,Yemen,5.283986088900786,,,887,YEM
,Zambia,2020-07-18 00:06:05,-13.133897,27.849332,2810,109,1450,1251,,,Zambia,15.285067044329306,,,894,ZMB
,Zimbabwe,2020-07-18 00:06:05,-19.015438,29.154857,1420,24,438,958,,,Zimbabwe,9.553972780731547,,,716,ZWE
